compound_name,class_index
Ag1Mo1H12.0024C2N2Cl6_164,0
Ag2Bi2H65C24I16N8O_15,1
Ag2Bi2H72C24Br22.08N8Cl1.92_7,2
Ag2Sb2H72C24Br23.472N8Cl0.528_7,3
AgBi2H116C40Br19N10_15,4
AgBiC20(BrN)8_65,5
AgBiH22C12I8N4O_1,6
AgBiH28C8(Br2N)4_2,7
AgBiH34C12I8N4O_14,8
AgBiH36C12(Br2N)4_2,9
AgBiH36C12(Br3N)4_7,10
AgBiH36C12(I3N)4_2,11
AgBiH36C24S4(I2N)4_15,12
AgBiH40C12(Br2N)4_12,13
AgBiH48C16(Br2N)4_12,14
AgBiH48C16(Br2N)4_14,15
AgBiH48C32(Br2N)4_2,16
AgBiH56C20(Br2N)4_2,17
AgBiH80C32(Br2N)4_10,18
AgMoH28C8(NCl2)4_2,19
AgSbH28C8(Br2N)4_2,20
AlBiO3_161,21
AlP3(HO)6_14,22
AlP3(HO)6_15,23
B3C9.1N1F12_221,24
B3H16C7(NF4)3_167,25
B3H18C6N5F12_88,26
B4H163.2C188N16Cl8O12_14,27
B6C12N6.0004F24_226,28
B6C21.44N2F24_226,29
BH43C48N4O3_61,30
BH59C56N4O3_15,31
BH67C60N4O3_61,32
BH6C2NF4_205,33
Ba0.25Bi0.75O1.3749_229,34
Ba0.3592233Ca0.30097087La0.33980583Ti0.81Cd0.025O2.775_221,35
Ba0.37La1.63Mn2O6_15,36
Ba0.46Sr0.14La0.24Pr1.16Mn2O6_74,37
Ba0.4Ca0.2La0.4Ti0.572Zn0.128Cd0.072O2.58_221,38
Ba0.4Ca0.2Nd0.4Ti0.6Zn0.4O2.898_221,39
Ba0.4Pr3.6Co4O12_62,40
Ba0.4Sr0.6Ti1O2.706_221,41
Ba0.4Sr0.8Nd2.8Mn4O12_62,42
Ba0.4Sr1.6Co2O6_194,43
Ba0.4Sr1.6Yb1Re1O6_225,44
Ba0.56696795Ca0.13640099La0.29663106Ti0.886Cd0.114O3_221,45
Ba0.57Fe0.96Bi0.47O2.7_123,46
Ba0.63Fe0.94Bi0.43O2.7_123,47
Ba0.6Nd1.4Mn2O6_74,48
Ba0.6Sr1.4Co2O6_194,49
Ba0.71Fe0.86Bi0.43O2.6451_221,50
Ba0.7Fe0.9Bi0.4O2.67_221,51
Ba0.83916084Na4.00083916Fe3.16F12_204,52
Ba0.89Fe0.74Bi0.37O2.5551_221,53
Ba0.8Fe0.8Bi0.4O2.601_221,54
Ba0.8Pr1.2Co2O6_123,55
Ba0.8Pr3.2Co4O12_62,56
Ba0.8Sr0.2Ti1O2.805_221,57
Ba0.8Sr0.4Nd2.8Mn4O12_62,58
Ba0.8Sr1.2Yb1Re1O6_225,59
Ba0.93Sr1.07Y1Cu3.01Pb0.99O7_107,60
Ba0.96Bi0.86O3_221,61
Ba1.286Ca0.4286La1.0714Y0.214Fe0.114Cu2.886O7.032_123,62
Ba1.286Ca0.4286La1.0714Y0.214Fe0.236Cu2.764O7.24_123,63
Ba1.286Ca0.4286La1.0714Y0.214Fe0.302Cu2.698O7.292_123,64
Ba1.2Pr2.8Co4O12_62,65
Ba1.2Sr0.8Yb1Re1O6_225,66
Ba1.3332Pr2.6668Co4O11.916_62,67
Ba1.5Co1Te0.5O4.5_225,68
Ba1.6Pr2.4Co4O12_62,69
Ba1.6Sr0.4Co2O6_194,70
Ba1.6Sr0.4Yb1Re1O6_225,71
Ba1.6Sr1.2Ca3.2La4Mn4O20.004_194,72
Ba1.8Sr0.2Co2O6_194,73
Ba1.998La4.002Ti5O18_166,74
Ba1.99Ho0.14U0.66Fe1.19O6_225,75
Ba1.99Ho0.54U0.66Fe0.79O6_225,76
Ba10Co7.832Pt2.168Cl2O26_194,77
Ba10Co7Ir3O28.284_194,78
Ba10Co8.056Pt1.944Cl2O26_194,79
Ba10Fe6.822Pt3.178Cl2O26_194,80
Ba10Fe6.902Pt3.098Cl2O26_194,81
Ba10Fe7.386Pt2.614Cl2O26_194,82
Ba10Mn4.002Fe5.998O27.296_194,83
Ba11Ti1.41Nb7.59O33_166,84
Ba12Mn5.064Co6.936O34_194,85
Ba14Ta10.41Mn1.75O42_194,86
Ba16Ca3.6Mn12.4O46_187,87
Ba1Co1O2.22_221,88
Ba1Eu2Ta1O5.502_225,89
Ba1Fe0.67Bi0.33O2.499_221,90
Ba1In0.667Mo0.333O3_221,91
Ba1In0.667W0.333O3_221,92
Ba1La4Cu5O13.12_83,93
Ba1La4Cu5O13.395_83,94
Ba1Li0.188Nb0.812N0.198O2.802_221,95
Ba1Li0.201Ta0.799N0.192O2.808_221,96
Ba1Li1O0.0999F2.7999_221,97
Ba1Mg0.192Nb0.808N0.471O2.529_221,98
Ba1Na0.183Ta0.817N0.297O2.703_221,99
Ba1Na0.209Nb0.791N0.246O2.754_221,100
Ba1Na1.998Fe4F12_204,101
Ba1Nb0.5Co0.5O3_221,102
Ba1Nb1N0.9999O2.0001_221,103
Ba1Nd1Fe2O5.13_123,104
Ba1Nd1Fe2O5.5_123,105
Ba1Nd1Fe2O5.69_47,106
Ba1Sm1Fe2O5.036_47,107
Ba1Sm1Fe2O5.091_123,108
Ba1Sm1Fe2O5.5_123,109
Ba1Sr0.2Nd2.8Mn4O12_62,110
Ba1Sr1Fe0.95Mo0.97O5.838_225,111
Ba1Sr1Y1Cu3Pb1O7.01_107,112
Ba1Ta0.02Ti0.96Fe0.02O3_99,113
Ba1Ta0.5Co0.5O3_221,114
Ba1Ta0.5Fe0.5O3_160,115
Ba1Ti0.091Nb0.727O3_191,116
Ba1Ti0.167Nb0.667O3_191,117
Ba1Ti1O2.8152_221,118
Ba1U0.3333In0.6667O3_221,119
Ba2.01Ho0.26U0.66Fe1.05O6_225,120
Ba2.01Ho0.66U0.66Fe0.66O6_225,121
Ba2.01Ho0.79U0.66Fe0.53O6_225,122
Ba2.16Fe4Sn1Pb2.84O13_65,123
Ba2.1Ti1Fe4Pb2.9O13_65,124
Ba2.64Sr1.36Mn4Cu1.956S2O8_129,125
Ba2.6667Bi1.3333O5.67_225,126
Ba2.96Mn3.884Fe4.116Pb5.04O20_62,127
Ba24Nb15.3Zn3Sb2.7O72_185,128
Ba2Bi0.667Te1O6_225,129
Ba2BiSbO6_12,130
Ba2BiSbO6_148,131
Ba2BiSbO6_225,132
Ba2Ca0.25Y0.75In0.46Cu2.54O6.668_123,133
Ba2Ca0.2Y0.8In0.572Cu2.428O6.772_123,134
Ba2Ca0.7333Nb1.2667O5.8998_166,135
Ba2Ca0.7867Nb1.2133O5.823_166,136
Ba2Ca0.8333Nb1.1667O5.7498_166,137
Ba2Ca0.9Nb1.1O5.6502_166,138
Ba2Ca2Tl0.93Cu3O8.84_123,139
Ba2CaIrO6_225,140
Ba2CaMoO6_225,141
Ba2CaOsO6_225,142
Ba2CaReO6_225,143
Ba2CaReO6_87,144
Ba2CaTeO6_225,145
Ba2CaWO6_87,146
Ba2CePtO6_225,147
Ba2Co2O5.562_194,148
Ba2CoIrO6_12,149
Ba2CoIrO6_166,150
Ba2CoMoO6_225,151
Ba2CoWO6_225,152
Ba2CuTeO6_87,153
Ba2CuWO6_87,154
Ba2Dy1.333Mo0.667O6_225,155
Ba2Dy1.333W0.667O6_225,156
Ba2DyReO6_225,157
Ba2DySbO6_225,158
Ba2Er1.3334Mo0.6666O6_140,159
Ba2ErSbO6_225,160
Ba2Eu1Nb1O5.502_225,161
Ba2Eu2Ti2Cu2O11_123,162
Ba2EuReO6_225,163
Ba2EuSbO6_225,164
Ba2Fe0.92Mo0.93O5.6898_225,165
Ba2Fe1.2W0.8O6_225,166
Ba2Fe1Mo0.5W0.5O6_225,167
Ba2Fe2O5_14,168
Ba2Fe4Bi2O11_123,169
Ba2FeMoO6_225,170
Ba2FeReO6_139,171
Ba2FeReO6_225,172
Ba2FeWO6_225,173
Ba2FeWO6_87,174
Ba2Gd1.333Mo0.667O6_225,175
Ba2Gd1.333W0.667O6_225,176
Ba2GdNbO6_87,177
Ba2Ho0.4U0.66Fe0.92O6_225,178
Ba2Ho1.3334Mo0.6666O6_140,179
Ba2HoReO6_225,180
Ba2HoRuO6_225,181
Ba2In1.333W0.667O6_225,182
Ba2In2O5_74,183
Ba2La2Ti2Cu2O11_123,184
Ba2LaNbO6_12,185
Ba2LaReO6_225,186
Ba2Li0.8Te1.2O6_225,187
Ba2MgReO6_225,188
Ba2MgWO6_225,189
Ba2Mn0.99976Te0.99976O5.99952_225,190
Ba2MnMoO6_225,191
Ba2NaReO6_225,192
Ba2Nb5O9_123,193
Ba2NbFeO6_225,194
Ba2NbInO6_225,195
Ba2Nd2Fe4O11_65,196
Ba2Nd2Ti2Cu2O11_123,197
Ba2NdMoO6_225,198
Ba2NdNbO6_12,199
Ba2NdSbO6_225,200
Ba2NiMoO6_225,201
Ba2NiWO6_225,202
Ba2PrNbO6_14,203
Ba2Sm1.333W0.667O6_225,204
Ba2Sm2Fe4O11_53,205
Ba2SmReO6_225,206
Ba2SmSbO6_225,207
Ba2Sr13.316La6.684Al3.524Ru4.476O41.76_196,208
Ba2Sr13.394La6.606Al3.496Ru4.504O41.76_196,209
Ba2SrIrO6_166,210
Ba2Ta1N0.968O3.032_139,211
Ba2TbIrO6_225,212
Ba2TbNbO6_87,213
Ba2TbReO6_225,214
Ba2TbSbO6_225,215
Ba2Ti1.8Fe4.2Bi0.2Pb3.8O16_74,216
Ba2TmReO6_225,217
Ba2Y0.499Cu0.499W0.998O6_225,218
Ba2Y1.333Mo0.667O6_225,219
Ba2Y1.333W0.667O6_225,220
Ba2Y2Mn4O11_65,221
Ba2YAlO5_11,222
Ba2YNbO6_225,223
Ba2YReO6_14,224
Ba2YbReO6_225,225
Ba2YbSbO6_225,226
Ba2YbTaO6_225,227
Ba2ZnWO6_225,228
Ba3.2Sr0.8Fe4O7.999_123,229
Ba3.6La0.4Ce3.2Y0.8O11.28_62,230
Ba3.88La0.12Ce3.48Y0.52O11.64_62,231
Ba3Bi2TeO9_165,232
Ba3CaSb2O9_15,233
Ba3CeRu2O9_194,234
Ba3Co2WO9_194,235
Ba3CoSb2O9_194,236
Ba3ErRu2O9_194,237
Ba3Fe2TeO9_194,238
Ba3Fe3O7F_11,239
Ba3FeS4Br_62,240
Ba3GdRu2O9_194,241
Ba3HoRu2O9_194,242
Ba3La3(Cu3O7)2_123,243
Ba3LiIr2O9_194,244
Ba3LiRu2O9_194,245
Ba3Mn1.5Ir1.5O9_166,246
Ba3Mn1.801Ir1.199O9_166,247
Ba3Mn2.1Ir0.9O9_166,248
Ba3MnNb2O9_164,249
Ba3NaIr2O9_194,250
Ba3NaRu2O9_194,251
Ba3NaRu2O9_63,252
Ba3NdRu2O9_15,253
Ba3NdRu2O9_194,254
Ba3PbO_221,255
Ba3PbO_74,256
Ba3PrRu2O9_194,257
Ba3SnO_221,258
Ba3SnO_74,259
Ba3SrSb2O9_2,260
Ba3SrTa2O9_164,261
Ba3Ta1.98Zn0.97O9_164,262
Ba3TbRu2O9_194,263
Ba3TeO6_88,264
Ba3TmRu2O9_194,265
Ba3UFeSe6_167,266
Ba3UMnS6_167,267
Ba3UMnSe6_167,268
Ba3V2O8_166,269
Ba3Y0.5Cu1.5O5.5_71,270
Ba3Yb2TeO5_123,271
Ba3ZrRu2O9_194,272
Ba4.998Na2Mn1V2O12.98_166,273
Ba42Ta30.76Mn5.26O126_185,274
Ba4Bi(IrO4)3_12,275
Ba4CaMn2MoO12_166,276
Ba4Li0.99Sb3.01O12_229,277
Ba4Mn2.999Sb1.001O12_166,278
Ba4Mn2.9Sn1.1O12_166,279
Ba4Mn3In1O11.22_166,280
Ba4Na(RuO4)3_186,281
Ba4Sc1Cu2C0.96O9.52_123,282
Ba4Ta4H166C80O29_2,283
Ba4Ti0.1In3.9O10.04_74,284
Ba4Ti0.2In3.8O10.12_74,285
Ba4Ti0.3In3.7O10.16_74,286
Ba4USe6_167,287
Ba4Y(CuO3)3_223,288
Ba5.9998Co5Br1.01O13.9998_166,289
Ba5Co3.998Ir1.002O14.15_164,290
Ba5Co5ClO13_194,291
Ba5Fe3.648Ir1.352O14.754_166,292
Ba5Ir5O14.692_12,293
Ba5Nb4O15_164,294
Ba5Ru2Cl2O9_194,295
Ba5Ta2Nb2O15_164,296
Ba5Ta3NbO15_164,297
Ba5Ta4O15_164,298
Ba5TaNb3O15_164,299
Ba6.84_193,300
Ba6Co25S27_221,301
Ba6Co4.148Sb1.852O16.188_194,302
Ba6Fe2.55Ir3.45O18_194,303
Ba6Fe3.98Te2.02O18_194,304
Ba6Fe4.8Ir1.2O17.592_194,305
Ba6Ga2Co11O26_164,306
Ba6Mn6O16.974_187,307
Ba6Na2As2Ru2O17_194,308
Ba6Na2Cr2Ru2O17_194,309
Ba6Na2Mn2Ru2O17_194,310
Ba6Na2Nb2P2O17_164,311
Ba6Na2Nb2V2O16.99998_164,312
Ba6Na2V2Ru2O17_194,313
Ba6Nd2Ti4O17_194,314
Ba6Ru3(ClO6)2_164,315
Ba6Y2Al4O15_13,316
Ba6Y2Al4O15_6,317
Ba6Y2Ti4O17_194,318
Ba7Li3Ru4O19.98_166,319
Ba8Mn6Co2Cl1O21.9999_187,320
Ba8Mn8O22.632_187,321
Ba8Na1.9995Bi6.0005O24_2,322
Ba8Nb6Zn0.083O24_164,323
Ba9.99998Mg0.25Ta7.9O30_186,324
BaBiO3_12,325
BaBiO3_148,326
BaBiO3_14,327
BaBiO3_221,328
BaCeO3_62,329
BaFeCl3_8,330
BaHoFe2O5_47,331
BaInHO3_127,332
BaIrO3_12,333
BaIrO3_15,334
BaIrO3_221,335
BaLa4Ti4O15_165,336
BaLa5V2N7O3_140,337
BaLaCuSbO6_12,338
BaLaInIrO6_62,339
BaNdFe2O5_123,340
BaNdFe2O5_25,341
BaNdFe2O5_47,342
BaNdInO4_14,343
BaPbO3_12,344
BaPr(CoO3)2_123,345
BaPrO3_62,346
BaSc2O4_15,347
BaSiO3_166,348
BaSiO3_194,349
BaSnO3_221,350
BaSr(CoO3)2_194,351
BaSrTa2O7_71,352
BaTaH31C15O8_2,353
BaTiO3_38,354
BaYFeCuO5_99,355
BaZrO3_221,356
Bi0.376Sb0.624H40C12I9N4_12,357
Bi0.536Sb1.464H80C24I18N8_14,358
Bi0.6666C8I6N4_97,359
Bi0.771Sb0.229H40C12I9N4_12,360
Bi1.574Sb0.426H80C24I18N8_14,361
Bi2.6668H96C32I24N16_92,362
Bi2H15C3(NCl3)3_62,363
Bi2H16C12.5I10N2O0.5_2,364
Bi2H18C3(I3N)3_15,365
Bi2H18C3(I3N)3_4,366
Bi2H22C8I8N2O_14,367
Bi2H24C18(I3N)3_62,368
Bi2H30C21I10N3_15,369
Bi2H30C23I9N4_62,370
Bi2H30C9(Br3N)3_9,371
Bi2H42C15(BrN)9_2,372
Bi2H42C18(I3N)3_62,373
Bi2H66C39(NCl3)3_9,374
Bi2P2C16Br9N_62,375
Bi2P2H44C16Br9N_14,376
Bi3H10C7I10N_14,377
Bi3H66C24I17(N2O)3_14,378
Bi3H8C6I10N_15,379
Bi4H44.6468C12I18_194,380
Bi4H60C16Br12.5N8Cl7.5_64,381
Bi4H60C16Br4.748N8Cl15.252_64,382
Bi4H60C16Br9.036N8Cl10.964_64,383
Bi4H64C16Br4.596N8Cl15.404_41,384
Bi4H64C16Br8.52N8Cl11.48_41,385
Bi4Rh4O13.4_227,386
BiC10I4N_15,387
BiH10C10I4N_2,388
BiH10C6I5N2_4,389
BiH10C6I5N2_9,390
BiH12C3I5N2O_152,391
BiH12C3N2Cl5_29,392
BiH15C4Br5N2_64,393
BiH15C4N2Cl5_64,394
BiH16C4Br5N2_41,395
BiH16C4N2Cl5_41,396
BiH16C4N2Cl5_61,397
BiH16C6I5N2_4,398
BiH18C10Br5N4_12,399
BiH21C18(I3N)3_14,400
BiH22C8I5N2O_61,401
BiH24C8S3Br5O_2,402
BiH28C10Br5N2_2,403
BiH28C12Br5N2_14,404
BiH28C18Br5N2_19,405
BiH32C10I9N4_63,406
BiH40C12I9N4_12,407
BiH40C12I9N4_14,408
BiH56C24I9N4_2,409
C28SNO3_2,410
C75S2O_11,411
C9I3N_166,412
Ca0.418332La3.581668Fe4O12_62,413
Ca0.4Nd3.6Fe4O12_62,414
Ca0.4Pr3.6Co4O12_62,415
Ca0.6La3.4Mn4O12_14,416
Ca0.6Tb3.4Mn4O12_62,417
Ca0.8Pr3.2Co4O12_62,418
Ca0.96Mn0.32Si0.64O2.58_221,419
Ca0.9Ti2Pb1.1O6_46,420
Ca1.1La1.9Cu2O5.95_139,421
Ca1.32Tb2.68Mn4O12_62,422
Ca1.332Eu2.668Ti2.668Zn1.332O12_62,423
Ca1.332La2.668Ti2.668Zn1.332O12_62,424
Ca1.332Nd2.668Ti2.668Zn1.332O12_62,425
Ca1.332Pr2.668Ti2.668Zn1.332O12_62,426
Ca1.587056Nd2.412944Fe4O12_62,427
Ca1.5Nb3Ag2O10_139,428
Ca1.6La2.4Fe4O12_62,429
Ca1.9La1.1Mn2O7_139,430
Ca12Ti2.32Nb9.132O40_4,431
Ca1Fe4.21Cu2.79O12_204,432
Ca1Mn4.576Cu2.424O12_204,433
Ca2.2La0.8Mn2O7_139,434
Ca2.4La0.6Mn2O7_139,435
Ca2.666La2.668Ti2.666O12_14,436
Ca2.6La0.4Mn2O7_139,437
Ca2.6Tb1.4Mn4O12_62,438
Ca2CoWO6_14,439
Ca2Fe2O5_33,440
Ca2FeMoO6_14,441
Ca2La2Mn1O7.002_166,442
Ca2La2Mn1O7.998_166,443
Ca2La2Ti2CuO10_139,444
Ca2La2Ti3CuO12_123,445
Ca2MgReO6_14,446
Ca2MnNbO6_62,447
Ca2MnRuO6_62,448
Ca2MnSbO6_11,449
Ca2MnSbO6_62,450
Ca2Nb2O7_4,451
Ca2NbAlO6_14,452
Ca2NbInO6_14,453
Ca2NiWO6_14,454
Ca2Ta3Ag0.66666667O9.33333333_139,455
Ca2TaCrO6_14,456
Ca2TiSiO6_225,457
Ca3.4Tb0.6Mn4O12_62,458
Ca3.96Fe2.66W1.34O11.92_14,459
Ca3AsN_62,460
Ca3BiN_221,461
Ca3GeN_221,462
Ca3GeO_221,463
Ca3GeO_74,464
Ca3Mn2O7_139,465
Ca3Mn3O8_28,466
Ca3OsO6_14,467
Ca3PN_221,468
Ca3PbN_221,469
Ca3PbO_221,470
Ca3SbN_221,471
Ca3SiO_221,472
Ca3SiO_62,473
Ca3SiO_74,474
Ca3SnN_221,475
Ca3SnO_221,476
Ca3Ti(FeO4)2_26,477
Ca3Ti1Al25.88Au6.919_221,478
Ca3WO6_14,479
Ca4.16Nb2.08In1.76O12_14,480
Ca4Al2Si2O11_5,481
Ca4Fe1.88Mo2.12O12_14,482
Ca4Mn3.2Sb0.8O12_11,483
Ca4Mn3.6Sb0.4O12_62,484
Ca4Mn3SbO12_11,485
Ca4NbGaO8_14,486
Ca4Ti4O11.712_62,487
Ca5.334Nb2.666O12_14,488
Ca5Al2Si3O14_15,489
Ca5Fe2Si3O14_15,490
Ca5Nb2.5In0.5O12_14,491
Ca6.088U1.912O12_14,492
Ca6Mn2.4Fe3.6O16_26,493
Ca6Ti2Al1.648Fe2.352O16_51,494
CaCu3(PtO3)4_204,495
CaCu3(RhO3)4_204,496
CaCu3(RuO3)4_204,497
CaDyMnSnO6_62,498
CaGa2Cu3(SbO6)2_201,499
CaGeO3_62,500
CaH48Pb2C20S2I6(N2O3)2_14,501
CaIrO3_36,502
CaIrO3_63,503
CaLa(FeO3)2_2,504
CaLa7(FeO3)8_6,505
CaLaMnSnO6_62,506
CaMn4(CuO4)3_204,507
CaMoO3_62,508
CaNd(FeO3)2_2,509
CaNd7(FeO3)8_1,510
CaNiH3_221,511
CaPtO3_63,512
CaSiO3_221,513
CaSmMnSnO6_62,514
CaSnO3_62,515
CaTa2Ga2(CuO4)3_201,516
CaTb3Mn4O12_62,517
CaTi2MnO6_105,518
CaTi4(CuO4)3_204,519
CaTi4(FeO4)3_204,520
CaTi4(PdO4)3_204,521
CaTiO3_221,522
CaTiO3_62,523
CaTmMn2O6_62,524
CaV4(CoO4)3_204,525
CaV4(PdO4)3_204,526
CaVO3_62,527
Cd1C3.96N10_221,528
Cd1H15.5C10S2N2Cl4_69,529
Cd2C19.96S6N8Cl2_194,530
Cd2C19.96S6N8_194,531
Cd2C36N20.4_140,532
Cd2H27.84C10N2Cl6_194,533
Cd2H33C12N3Cl7F3_173,534
Cd2H33C12N3Cl7F3_176,535
Cd2H39C21N3Cl10_173,536
Cd2P2C8Br6O1.98_194,537
Cd3H12CNCl7O3_11,538
Cd8H56C143.9968N80_114,539
CdC11S3N4F_61,540
CdC16(NCl2)2_139,541
CdC16N2(Cl2F)2_139,542
CdC16N2(Cl2F)2_14,543
CdC4(NCl3)2_64,544
CdCo3N_221,545
CdGeO3_62,546
CdH10C10(NCl2)2_15,547
CdH10C3SBr3N_36,548
CdH10C4N2(Cl2F3)2_15,549
CdH10C5NCl3_14,550
CdH10C5NCl3_62,551
CdH11C4NCl4_9,552
CdH12(C2N5)2_15,553
CdH12C4Br4(NF2)2_61,554
CdH12C4N2(ClF)4_61,555
CdH12C4N2(ClF)4_64,556
CdH12C4NCl3O_14,557
CdH12C4NCl3O_62,558
CdH12C4NCl3_14,559
CdH12C5NCl3_14,560
CdH13C7NCl4_14,561
CdH14(C2N5)2_11,562
CdH14(C4O)5_61,563
CdH14C4Br4(NCl)2_41,564
CdH14C4BrN2Cl5_41,565
CdH14C4N2(Cl2F)2_14,566
CdH14C5NCl3O_33,567
CdH14C5NCl3_61,568
CdH16C10S2(NCl2)2_61,569
CdH16C28(NO6)2_15,570
CdH16C6(NCl2)2_14,571
CdH16C6(NCl2)2_64,572
CdH16C7NCl3_14,573
CdH16C7NCl3_2,574
CdH16C7NCl3_63,575
CdH17C10S3BrN4_61,576
CdH17C10S3N4Cl_61,577
CdH17C10S3N4F_61,578
CdH17C11S3N4F_61,579
CdH20(C8N5)2_33,580
CdH21C18Br8N3_14,581
CdH22C16N2(Cl2F)2_14,582
CdH24C16(NCl2)2_61,583
CdH24C22S2N2(O2F3)2_14,584
CdH28(C9N5)2_13,585
CdH28(C9N5)2_14,586
CdH28C12(NCl2)2_36,587
CdH28C12(NCl2)2_8,588
CdH32C20(NCl2)2_1,589
CdH32C20(NCl2)2_9,590
CdH4C3SBr3N_12,591
CdH4C3SBr3N_63,592
CdH6C4N2(Cl2F)2_64,593
CdH6CI3N_14,594
CdH7(C9N5)2_114,595
CdH7C3NO6_33,596
CdH8C2(NCl2)2_139,597
CdH8C2NCl3_14,598
CdH8C3SBr3N_36,599
CdH8C4Br3N_12,600
CdH9C4(NO2)3_167,601
CdNi3N_221,602
CdNiH8C6(S3N4)2_14,603
CdP(C5N3)3_64,604
CdP(C5N3)3_72,605
CdP2H36(C19Cl2)2_198,606
CdP3H11C(NO3)2_14,607
CdP3H11C(NO3)2_15,608
CdPH11C4Br3O_62,609
CdPH11C7S3N3F_14,610
CdPH11C7S3N3F_62,611
CdPH12C7(SN)3_14,612
CdPH12C7(SN)3_62,613
CdPH18C14N9F_15,614
CdPH18C14N9F_64,615
CdPH19C14N9Cl_19,616
CdPH19C14N9Cl_60,617
CdPH22(C5N3)3_14,618
Ce1.33334Nb4O12_10,619
Ce1.334Ti2O6_47,620
Ce1B0.55Rh3_221,621
Ce3.99968Nb3.9N6.04O5.96_62,622
Ce3Co4Sn13_223,623
CeBRh3_221,624
CeC30N9O22_21,625
CeC34(N3O8)3_65,626
CeH60C28N13O28_4,627
Co(C9N5)2_140,628
Co0.1429Rh0.8571O3_166,629
Co2C35.92N20_72,630
Co2H21(C9N5)4_52,631
Co2H6C10N1.98O12_167,632
Co3H64C66N8O27_2,633
Co4H169.712C104N40_52,634
Co8H285.32C175.8932N80.0132_18,635
CoH12C16N5O2_138,636
CoH12C2(Br2N)2_14,637
CoH18C8(NO2)4_56,638
CoH36C12S6(IO3)2_159,639
CoH7(C9N5)2_114,640
CoH8C3(NO3)2_33,641
CoH8C3(NO3)2_62,642
Cr0.495Re0.505Pb1O3_221,643
Cr2Cu3(OF)12_2,644
Cr2O3_167,645
CrBiO3_62,646
Cs(IN2)3_221,647
Cs0.72K5.28Si2F14_127,648
Cs1.92La1Nb2Cl0.97O7_123,649
Cs1C8.0004Cl3O12_221,650
Cs1In0.0672Sn0.9Cl3_221,651
Cs1Mn0.0998Sn0.9Cl3_221,652
Cs2AgBiBr6_225,653
Cs2AgBiCl6_225,654
Cs2AgSbCl6_225,655
Cs2H30C10Br6N4O_38,656
Cs2In0.96Ag2Bi1.04H40C12Br14N4_11,657
Cs2InAgCl6_225,658
Cs2InH2Cl5O_62,659
Cs2KYF6_225,660
Cs2NaBiCl6_225,661
Cs2NaInCl6_225,662
Cs2NaMoCl6_225,663
Cs2NaVCl6_225,664
Cs2NaYF6_225,665
Cs2PbN2(ClO3)2_141,666
Cs2RbYF6_225,667
Cs2SnI6_225,668
Cs3Bi2Cl9_62,669
Cs3Bi2I5.226Br3_164,670
Cs3Cu2Br5_62,671
Cs3Cu2Cl5_62,672
Cs3Cu2I5_62,673
Cs3MnBr2Cl3_140,674
Cs3MnBr3Cl2_140,675
Cs3MnBr5_140,676
Cs3MnCl5_140,677
Cs3MnI3Br2_140,678
Cs3MnI3Cl2_90,679
Cs3Sb2I9_164,680
Cs4CdNi3F12_166,681
Cs4PbBr6_167,682
Cs5CaNi4F15_194,683
Cs8In1.5001Au3.4999Cl23.0004_221,684
CsAgBiH20C6Br7N2_11,685
CsAgBiH24C8Br7N2_11,686
CsAgBiH24C8Br7N2_139,687
CsAgBiH24C8Br7N2_4,688
CsBa2Co2F9_166,689
CsBa2Nb3O10_123,690
CsBa2Ni2F9_166,691
CsBa2Zn2F9_166,692
CsBaCaB2O5F_113,693
CsC8(ClO4)3_63,694
CsCa2Nb3O10_62,695
CsCa2Ta3O10_123,696
CsCaLaTiNb2O10_123,697
CsCdBr3_194,698
CsCoC3(SN)3_14,699
CsCu2Br3_63,700
CsCu2Cl3_63,701
CsCu2I3_63,702
CsGe2H18C14I7(NCl)2_39,703
CsGeI3_160,704
CsH14C6Br3N2_60,705
CsH14C6I(NCl)2_152,706
CsH14C6I3N2_194,707
CsH14C6N2Cl3_15,708
CsH14Pb2C4Br7N2_11,709
CsH15C7N2Cl3O12F_14,710
CsH16C7I3N2_146,711
CsH16C7I3N2_9,712
CsH24Pb2C8Br7N2_62,713
CsH24Pb2C8Br7N2_64,714
CsInBr3_87,715
CsInCl3_87,716
CsLa2TaTi2O10_123,717
CsLa2Ti2NbO10_123,718
CsLi3Co(CO2)6_167,719
CsLi3Fe(CO2)6_167,720
CsLi3Ni(CO2)6_167,721
CsMgH12(ClO2)3_1,722
CsMnC3(SN)3_14,723
CsNd2Ti2NbO10_123,724
CsNdNb2O7_26,725
CsNiC3(SN)3_14,726
CsPb2Cl5_140,727
CsPbBr3_62,728
CsPbCl3_221,729
CsPbI2Br_11,730
CsPbI3_62,731
CsPr2Ti2NbO10_123,732
CsRbCo2F6_194,733
CsSm2Ti2NbO10_123,734
CsSmH56C28(NO2)12_13,735
CsSr2Nb3O10_123,736
CsSr2Ta3O10_123,737
CsTlAgH24C16Br7N2_2,738
Cu2Bi2H66C24I16N8O_14,739
Cu2Sb2H66C24I16N8O_14,740
CuBiH56C24(I2N)4_14,741
CuBiH56C24(I2N)4_9,742
CuBiH58C24I8N4O_15,743
CuC5NO6_2,744
CuH11C5NO6_15,745
CuH18C14N2(Cl2F)2_62,746
CuH18C6(NCl2)2_14,747
CuH18C6N2(Cl2O)2_56,748
CuH18C8Br2(NO2)2_2,749
CuH18PbC8Br4(NO2)2_14,750
CuH28C18(NCl2)2_5,751
CuH28C24(NCl2)2_4,752
CuH32C12(NCl2)2_2,753
CuH36C16(NCl2)2_5,754
CuH4CSIN2_169,755
CuH4Pb2(ClO2)2_99,756
CuH9C4(NO2)3_33,757
CuSbH58C24I8N4O_15,758
CuSi2H18C6N2Cl4O3_69,759
DyBRh3_221,760
DyCoO3_62,761
DyFe4(CuO4)3_204,762
DyH24C30NO11_2,763
DyH9C4(NO4)2_29,764
DyMn3O6_59,765
DyScO3_62,766
Er1B0.4Pt3_221,767
Er1B0.5Pd3_221,768
Er1B0.98Rh3_221,769
Er1B1Pd1.8Rh1.2_221,770
Er1B1Rh1.8Pt1.2_221,771
Er2CrFeO6_62,772
ErBRh3_221,773
ErCoO3_62,774
ErFe4(CuO4)3_204,775
ErH10C6NO8_13,776
ErH8C5N3O8_54,777
ErH9C4(NO4)2_29,778
ErNiO3_14,779
Eu2CoRuO6_14,780
Eu3GeO_62,781
Eu3PbO_221,782
Eu3SiO_62,783
Eu3SnO_221,784
EuFe4(CuO4)3_204,785
EuH24C30NO11_2,786
EuMnO3_62,787
EuNbO3_221,788
EuNbO3_74,789
EuTiAgO4_57,790
EuTiO3_221,791
Fe(C9N5)2_140,792
Fe(C9N5)2_72,793
Fe1.1Mo0.9Pb2O6_225,794
Fe2Cu3(OF)12_2,795
Fe2H21.9996C10N1.9998O12_167,796
Fe2H24.96C4N4Cl8_139,797
Fe2H28.8C4N4Cl8_139,798
Fe3O4_227,799
Fe3Pb4ClO8_99,800
Fe4.5Pb4.5O11.25_139,801
Fe4BiPb4ClO11_127,802
Fe4H14.0004C18N3O25.0002_204,803
Fe4H38.0004C18N3O25.0002_204,804
Fe8H286.9448C176.0528N80_18,805
FeAgH28C8(NCl2)4_2,806
FeAgH48C32(NCl2)4_5,807
FeAgH56C36(NCl2)4_4,808
FeC4(NCl2)2_139,809
FeGeO6_86,810
FeH11C5NO6_1,811
FeH12C2(NCl2)2_138,812
FeH12C2(NCl2)2_56,813
FeH16C4(NCl2)2_138,814
FeH16C4(NCl2)2_15,815
FeH16C4(NCl2)2_56,816
FeH16C4(NCl2)2_61,817
FeH20PbC14I3N_5,818
FeH20PbC14IBr2N_5,819
FeH20PbC14INCl2_5,820
FeH44(C13N5)2_52,821
FeH7(C9N5)2_114,822
FeH8C3(NO3)2_33,823
FeH8C3(NO3)2_62,824
FeSiO3_65,825
Fe_123,826
Fe_229,827
Fe_47,828
Ga1C6N1Cl3.9996_221,829
GaBiO3_54,830
GaH18C7NCl4_26,831
GaH21(C5O2)3_33,832
GaH28C16INO6_14,833
GaP3(HO)6_14,834
Gd0.07Ta0.21W0.79O3_221,835
Gd0.58Ta1.74W0.26O5_47,836
Gd2CoRuO6_14,837
Gd2CrFeO6_62,838
GdAlO3_62,839
GdCoH9C21(NO5)3_143,840
GdFe4(CuO4)3_204,841
GdH24C30NO11_2,842
GdMnO3_62,843
Ge1C0.9999I3N1_160,844
Ge1C1I3N1.99_160,845
Ge3H40C28(I5N2)2_4,846
Ge3H52C12I14(N4O)2_2,847
GeC3I3N_122,848
GeC3I3N_173,849
GeCI3N_160,850
GeH10C6(I2N)2_29,851
GeH14C4(I3N)2_14,852
GeH16C16I4(NF3)2_33,853
GeH16C4I4(NO)2_62,854
GeH18C14(I3N)2_37,855
GeH18C14I4(BrN)2_56,856
GeH18C14I4(NCl)2_14,857
GeH18C14I4(NCl)2_56,858
GeH18C14I4(NF)2_14,859
GeH20C8I4(NO)2_11,860
GeH22C16I4(NCl)2_33,861
GeH22C16I4(NF)2_2,862
GeH24C16I4(NO)2_2,863
GeH24C8(I2N)2_19,864
GeH6C(IN)3_14,865
GeH7C2I3N2_4,866
H103.9944Pb8C71.9992Br32N23.9992_15,867
H103.9944Pb8C71.9992N23.9992Cl32_15,868
H106Pb7C31I25N11_13,869
H10C15N_15,870
H10C3(NO)2_33,871
H10Pb1.486C2I6N4_100,872
H10PbC2(BrN)4_14,873
H10PbC2(BrN)4_2,874
H10PbC2(BrN)4_59,875
H10PbC3(Br2N3)2_13,876
H10PbC3(Br2N3)2_14,877
H10PbC3Br3NO3_5,878
H10PbC3I3NO3_5,879
H10PbC3I3NO_19,880
H10PbC4(BrN)4_2,881
H10PbC4I3NO2_74,882
H10PbC4I3NO_19,883
H10PbC6(Br2N)2_14,884
H10PbC6(Br2N)2_61,885
H10PbC6(I2N)2_61,886
H10PbC6(I2N)2_7,887
H10PbC6(NCl2)2_33,888
H10PbC6(NCl2)2_61,889
H10PbC8I4(NF2)2_14,890
H10PtC2(I5N2)2_136,891
H11C18NO_15,892
H11C18SN_33,893
H11C71S2NO2_14,894
H11C9N2O3_14,895
H11C9N2O3_2,896
H11Pb2C8I7N5_2,897
H11PbC2I3N2_14,898
H11PbC3SBr4N3_14,899
H11PbC4Br4N5_2,900
H11PbC4I4N_12,901
H11PbC4I4N_5,902
H11PbC5Br3NF_19,903
H11PbC5Br4N3_14,904
H11PbC5I3NF_62,905
H11PbC5I4N3_14,906
H11PbC5N3Cl4_14,907
H120Pb7C60I26(NF2)12_5,908
H12C15NO_2,909
H12C20S_60,910
H12C5IN_87,911
H12C6INF2_64,912
H12C6INF_57,913
H12PbC12S2Br4(NO2)2_14,914
H12PbC12S2I4(NO2)2_14,915
H12PbC14(OF2)6_2,916
H12PbC2(I2N3)2_14,917
H12PbC4(Br2N)2_14,918
H12PbC4(I2N)2_33,919
H12PbC4(NCl2)2_14,920
H12PbC4Br3NO_14,921
H12PbC4Br3NO_62,922
H12PbC4S2(IO)2_56,923
H12PbC5Br3NO3_4,924
H12PbC5I3N_14,925
H12PbC5I3N_176,926
H12PbC5I3N_63,927
H12PbC5SBr3N_14,928
H12PbC6Br3N2_62,929
H12PbC7(I2N)2_14,930
H12PbC7Br3N2_61,931
H12PbC8Br3N_19,932
H12PbC8I3N_62,933
H12PdC2(Br2N)2_12,934
H132Pb12C22.92I48N60_12,935
H132Pb9C38(I16N7)2_5,936
H137.808Pb4C50Br18N10_2,937
H13C18N_4,938
H13C6Br2N3_33,939
H13C7NCl2_19,940
H13PbC4I3N2O_14,941
H13PbC5Br3NCl_9,942
H13PbC6Br3N2_19,943
H13PbC6Br4N3_14,944
H13PbC6I3NF_63,945
H13PbC6N3Cl4_14,946
H141C168N8ClO16_2,947
H14C6(BrN)3_154,948
H14C6(NCl)3_165,949
H14C6IN_57,950
H14C78N3Cl_14,951
H14Pb2C4I6N2O_11,952
H14PbC12Br4(NCl)2_14,953
H14PbC12S2N2(ClO)4_14,954
H14PbC2(BrN)4_31,955
H14PbC4(Br2N)2_14,956
H14PbC4(Br2N)2_2,957
H14PbC4(Br2N)2_61,958
H14PbC4(I3N)2_14,959
H14PbC4I4(BrN)2_15,960
H14PbC4I4(BrN)2_62,961
H14PbC4I4(NCl)2_62,962
H14PbC4N2(Cl2F)2_62,963
H14PbC4S2(Br2N)2_15,964
H14PbC4S2(I2N)2_14,965
H14PbC4S2Br5N3_4,966
H14PbC5(Br2N)2_12,967
H14PbC5Br3N2OF_2,968
H14PbC6Br3N_4,969
H14PbC6Br4(NF3)2_18,970
H14PbC6I3NO2_46,971
H14PbC6I3N_14,972
H14PbC6I3N_63,973
H14PbC8(Br2N)2_14,974
H14PbC8I3BrNO_19,975
H158Pb10C48I36N16O_13,976
H15C21N_9,977
H15C76ClO2F3_14,978
H15PbC10Br3NF_15,979
H15PbC10Br3NF_5,980
H15PbC5N2Cl4O_19,981
H15PbC7I3N2_61,982
H15PbC8I3NClO_4,983
H15PbC8I4NO_5,984
H160Pb8C28I35.072N28Cl0.928_14,985
H16C5(NCl)2_2,986
H16C7(BrN)3_33,987
H16Pb2C5(NCl3)2_28,988
H16Pb2C5(NCl3)2_51,989
H16Pb2C7Br7N3_7,990
H16Pb2C7I7N3_7,991
H16Pb2C7I7N3_9,992
H16PbC10S2(I2N)2_61,993
H16PbC4(Br2N)2_14,994
H16PbC4Br4(NO)2_60,995
H16PbC4I4(NO)2_14,996
H16PbC4S2Br5N2O_4,997
H16PbC4SBr4N4O_29,998
H16PbC5(Br2N)2_14,999
H16PbC5(Br2N)2_51,1000
H16PbC5(I2N)2_61,1001
H16PbC6(Br2N)2_7,1002
H16PbC6(I2N)2_14,1003
H16PbC6(I2N)2_7,1004
H16PbC7Br3N_61,1005
H16PbC7Br3N_9,1006
H16PbC7I3N_14,1007
H16PdC4(Br2N)2_15,1008
H174C193N8O23_14,1009
H17C23(NO)2_14,1010
H17C23N2_2,1011
H17C6Br3N2O_154,1012
H17C6Br3N2O_158,1013
H17PbC6(Br2N)2_15,1014
H17PbC7(I2N)2_14,1015
H17PbC7Br3NCl_14,1016
H17PbC9Br3N2_14,1017
H18C22N_14,1018
H18C24SNO2_14,1019
H18C4Br3N3O_57,1020
H18C4I3N3O_57,1021
H18C4N3Cl3O_57,1022
H18Pb2C3I7N5_38,1023
H18Pb2C9I7N3O4_41,1024
H18Pb3C6(I4N)2_14,1025
H18PbC10S2(NCl2)2_61,1026
H18PbC12S2(I2N)2_15,1027
H18PbC14(I3N)2_14,1028
H18PbC14I4(BrN)2_4,1029
H18PbC14I4(NCl)2_4,1030
H18PbC14I4(NF)2_14,1031
H18PbC14N2(Cl2F)2_139,1032
H18PbC14N2(Cl2F)2_14,1033
H18PbC14N2(Cl2F)2_36,1034
H18PbC14N2(Cl2F)2_62,1035
H18PbC16I4(N2F)4_62,1036
H18PbC16I4(NF3)2_14,1037
H18PbC6(Br2N)2_41,1038
H18PbC6(Br2N)2_9,1039
H18PbC6(I2N)2_14,1040
H18PbC6(I3N)2_14,1041
H18PbC6(NCl2)2_9,1042
H18PbC6Br4(NO)2_14,1043
H18PbC6I4(NO)2_14,1044
H18PbC6N2(Cl2O)2_5,1045
H18PbC8I4(NF)2_14,1046
H19C23SNO2_14,1047
H19PbC16I4N2F5_2,1048
H19PbC7I3(N2O)2_2,1049
H19PbC7I3N2O_2,1050
H20.99999964Pb4C5.99999976Br12N7.71199984_194,1051
H20C22SN2(ClO)2_14,1052
H20C25NO2_14,1053
H20C25SNO3_61,1054
H20C7(NCl)3_14,1055
H20Pb1C12I3.6Br0.4N6O4_5,1056
H20Pb3C8I10(N6O)2_64,1057
H20PbC10Br4(NF2)2_92,1058
H20PbC10I4(NF2)2_41,1059
H20PbC12(I3N2)2_2,1060
H20PbC12Br4(N3O2)2_20,1061
H20PbC14(I2N)2_61,1062
H20PbC14(NCl2)2_139,1063
H20PbC14N2(Cl2F)2_139,1064
H20PbC4I4(N2Cl)2_57,1065
H20PbC6I4(NO)2_14,1066
H20PbC6SI3NO3_51,1067
H20PbC7S2Br3NO2_14,1068
H20PbC8(Br2N)2_62,1069
H20PbC8(Br4N)2_2,1070
H20PbC8Br3N_14,1071
H20PbC8Br4(NCl2)2_14,1072
H20PbC8Br4(NCl2)2_2,1073
H20PbC8Br4(NO2)2_14,1074
H20PbC8I4(NO)2_15,1075
H20PbC8I4(NO2)2_61,1076
H20PdC6(Br2N)2_14,1077
H212Pb14C62I50N22O0.76_13,1078
H21Pb2C7Br7N4_7,1079
H21Pb2C7Br7N4_8,1080
H21PbC12I3N3O2_2,1081
H22.002Pb2C8.0004I6N2F2.0004_176,1082
H22C24NO2_14,1083
H22C43N_15,1084
H22Pb2C17I7N3F2_15,1085
H22Pb2C7Br7N3_7,1086
H22Pb2C7Br7N3_9,1087
H22Pb2C7I7N3_9,1088
H22Pb3C18I10(N2F)2_14,1089
H22Pb3C30(IN)6_14,1090
H22Pb3C30(IN)6_60,1091
H22Pb3C8(I5N2)2_7,1092
H22Pb3C8(I5N2)2_9,1093
H22PbC10S2(Br2N)2_61,1094
H22PbC16(Br3N)2_4,1095
H22PbC16Br4(NCl)2_4,1096
H22PbC16Br4(NF)2_15,1097
H22PbC16Br4(NF)2_19,1098
H22PbC16Br4(NO)4_14,1099
H22PbC16I4(BrN)2_4,1100
H22PbC16I4(NCl)2_12,1101
H22PbC16I4(NCl)2_4,1102
H22PbC16I4(NO)4_14,1103
H22PbC8(Br2N)2_14,1104
H22PbC8(I3N)2_14,1105
H22PbC8SBr3N2O_61,1106
H23PbC10Br3N2O_14,1107
H24.0012Pb2C8.0004I6N2_176,1108
H24C16S2N2O5_14,1109
H24Pb3C10I10(N3O)2_15,1110
H24Pb3C14I8(NO)2_43,1111
H24Pb3C4(I5N3)2_74,1112
H24Pb3C6S2I8(NO)2_29,1113
H24Pb9C4(I11N2)2_87,1114
H24PbC10(Br2N)2_62,1115
H24PbC10(NCl2)2_15,1116
H24PbC10(NCl2)2_62,1117
H24PbC10Br4(NO)2_36,1118
H24PbC12I4(NF2)2_36,1119
H24PbC12I4(NF2)2_44,1120
H24PbC12I4(NF2)2_4,1121
H24PbC12N10(ClO)4_14,1122
H24PbC16(NCl2)2_2,1123
H24PbC16Br6N2O_4,1124
H24PbC16I4(NO)2_2,1125
H24PbC32I3N5_9,1126
H24PbC5SI5N3O_15,1127
H24PbC8(Br2N)2_14,1128
H24PbC8(Br2N)2_61,1129
H24PbC8(Br2N)2_64,1130
H24PbC8(Br3N2)2_58,1131
H24PbC8(I2N)2_14,1132
H24PbC8(I2N)2_61,1133
H24PbC8(NCl2)2_36,1134
H24PbC9(I2N)2_9,1135
H24PbC9Br5N3_2,1136
H25.216W4C24N4O12.608_121,1137
H25Pb3C6S2I8(NO)2_36,1138
H26C26N2O_2,1139
H26C26NO2_14,1140
H26C26NO2_2,1141
H26C32Br4O_2,1142
H26Pb2C15I7N3_60,1143
H26Pb3C8I8(N2O)2_58,1144
H26PbC10(I3N)2_14,1145
H26PbC4(NCl2)2_74,1146
H26PbC8(I2N)2_138,1147
H28C32NO6_14,1148
H28Pb2C9I7N3_9,1149
H28Pb3C10(Br5N2)2_15,1150
H28Pb3C8(I5N2)2_7,1151
H28Pb4C9I13N5_7,1152
H28Pb4C9I13N5_9,1153
H28PbC10(Br2N)2_14,1154
H28PbC10(Br3N2)2_13,1155
H28PbC10(I2N)2_14,1156
H28PbC10(I2N)2_61,1157
H28PbC12I3NO6_14,1158
H28PbC12I3NO6_62,1159
H28PbC14(Br2N)2_19,1160
H28PbC16(I3N2)2_87,1161
H28PbC18I4(NO)2_2,1162
H28PbC22S4(Br2N)2_14,1163
H28PbC22S4(NCl2)2_14,1164
H28PbC24I4(NO)2_9,1165
H28PbC30(IN)6_12,1166
H28PbC8S4(I3N2)2_14,1167
H29.9976Pb2C12.9996I6N4_194,1168
H292.816C371.184S8N20O40_14,1169
H29Pb2C9Br7N3_139,1170
H29Pb2C9Br7N4_36,1171
H29Pb2C9Br7N4_62,1172
H29Pb2C9Br7N4_63,1173
H30.56Pb4C22S4I14N6_41,1174
H30C28NO2_14,1175
H30C32N2Cl2O4F_14,1176
H30Pb2C10I7N3_9,1177
H30Pb2C17I7N3_2,1178
H30Pb2C9Br7N3_36,1179
H30Pb2C9Br7N3_37,1180
H30Pb2C9Br7N3_63,1181
H30Pb2C9Br7N3_9,1182
H30Pb2C9I7N3_19,1183
H30Pb2C9I7N3_40,1184
H30Pb2C9I7N3_4,1185
H30PbC12(I3N)2_61,1186
H30PbC9Br5N3_19,1187
H32.96Pb3C8Br10N4_139,1188
H32C153S2_2,1189
H32C27S2NF_2,1190
H32Pb2C10Br7N3_139,1191
H32Pb3C16(I5N2)2_36,1192
H32Pb3C8(Br5N2)2_41,1193
H32Pb3C8(I5N2)2_14,1194
H32Pb3C8(N2Cl5)2_36,1195
H32PbC12(I2N)2_14,1196
H32PbC12(I2N)2_61,1197
H32PbC14(I2N)2_14,1198
H32PbC26I4(NO)2_14,1199
H32PbC36I4(NO)2_9,1200
H34C14I6N6O_40,1201
H34Pb2C11I7N3_9,1202
H34Pb2C12Br6.8N4Cl1.2_9,1203
H34Pb3C10(I3N)4_12,1204
H34Pb3C10(I3N)4_7,1205
H34Pb3C10(I5N2)2_7,1206
H34Pb4C9I13N5_9,1207
H34PbC13Br3NO8_61,1208
H35Pb2C9I9N7O6_2,1209
H35PbC28I4N2O3_2,1210
H36C48S(NO2)2_2,1211
H36Pb2C12Br5.2N4Cl2.8_9,1212
H36Pb2C12Br7.6N4Cl0.4_9,1213
H36Pb2C13Br7N3_15,1214
H36Pb3C10(I5N2)2_41,1215
H36Pb3C10(I5N2)2_9,1216
H36Pb3C11(I5N2)2_7,1217
H36PbC14(I2N)2_14,1218
H36PbC14(I2N)2_61,1219
H36PbC16I4(NO2)2_14,1220
H36PbC38I4(NO)2_9,1221
H36PbC44I4(NO)2_14,1222
H37C47N5_2,1223
H37Pb2C11Br7N4_37,1224
H38C43(NO)2_2,1225
H38C46N3O4_2,1226
H38C48S3(NO2)2_15,1227
H38Pb2C12N6Cl10O_14,1228
H38Pb2C13Br7N3_9,1229
H38Pb2C13I7N3_15,1230
H38Pb2C13I7N3_9,1231
H38Pb3C12(Br3N)4_26,1232
H38Pb3C14I8(N2O)4_43,1233
H38Pb4C9I13N5_9,1234
H39Pb2C15Br7N3_9,1235
H3C4N2O2F_2,1236
H3C68OF3_13,1237
H40.88Pb2C24I8N12O8.44_20,1238
H40C43(NO2)2_14,1239
H40Pb3C12(I5N2)2_139,1240
H40Pb3C12(I5N2)2_36,1241
H40Pb3C12(I5N2)2_61,1242
H40Pb3C12(I5N2)2_7,1243
H40Pb3C12(I5N2)2_9,1244
H40Pb4C11I13N5_9,1245
H40PbC16(I2N)2_14,1246
H40PbC16(I2N)2_61,1247
H40PbC16(I2N)2_64,1248
H40PbC40(I2N)2_14,1249
H40PbC40I4(NO)2_15,1250
H41C44N2(ClO)4_15,1251
H41C47SN3O7_15,1252
H42Pb2C27I7N3_29,1253
H43.9968Pb2C32I8N4F4_12,1254
H43C46SN2Cl2O_2,1255
H43C50N3O2_14,1256
H44C73N4O_61,1257
H44C73S4N4O_15,1258
H44Pb2C33S6I7N3O_14,1259
H44Pb3C14(I5N2)2_14,1260
H44Pb3C14(I5N2)2_7,1261
H44PbC18(I2N)2_14,1262
H44PbC18(I2N)2_61,1263
H44PbC20I4(NO2)2_14,1264
H45Pb2C32(I2N)4_9,1265
H46C61N2O5_2,1266
H46Pb2C17Br7N3_9,1267
H46Pb2C17I7N3_9,1268
H46Pb4C13I13N5_9,1269
H47Pb4C38(I7N3)2_1,1270
H48C41SN(ClO)2_2,1271
H48C50S2N4O9_2,1272
H48C55(NO2)2_2,1273
H48Pb2C18Br10(N2O3)3_4,1274
H48Pb2C30I7N3_2,1275
H48Pb3C20Br10(NO3)4_5,1276
H48PbC20(I2N)2_14,1277
H48PbC20(I2N)2_61,1278
H48PbC20(I2N)2_64,1279
H49C42S2N2(ClO)2_2,1280
H4C4NO_14,1281
H4C9INF2_14,1282
H4PbC2SI3N2_174,1283
H4PtC6(I3N)3_12,1284
H5.0002Pb1C0.9996I3N0.9996_215,1285
H5.9904Pb1C0.9984Br3N0.9984_221,1286
H50C59S2N4(ClO2)2_33,1287
H50Pb2C18Br10N6O7_4,1288
H50Pb4C15I13N5_9,1289
H52C60S(NO2)4_15,1290
H52Pb5C14(I8N3)2_7,1291
H52Pb5C60(I3N2)6_2,1292
H54Pb4C17I14N5_9,1293
H54PbC40I3N4ClO2_14,1294
H55.96Pb4C24I12N3.96_62,1295
H56Pb3C16S8(I2N)8_14,1296
H56Pb3C44S8(I5N2)2_14,1297
H56Pb5C24(Br9N4)2_140,1298
H56PbC24(I2N)2_14,1299
H56PbC24(I2N)2_61,1300
H5C10S_14,1301
H5Pb0.96C1I3N2_38,1302
H5PbCI2N_64,1303
H60Pb5C36I22(N4O)3_62,1304
H63.76Pb2C23.88I8N4_36,1305
H64Pb3C20Br14(N4O5)2_1,1306
H64Pb4C24Br15.876N8_29,1307
H64PbC28(I2N)2_14,1308
H64PbC28(I2N)2_61,1309
H66Pb5C36I22(N4O)3_62,1310
H68C81N4O9_2,1311
H6AuCBr3N_92,1312
H6AuCI3N_96,1313
H6C2SN4_2,1314
H6C7INF2_14,1315
H6CIN_129,1316
H6Pb0.815C1I3N1_99,1317
H6Pb0.847C1I3N1_99,1318
H6Pb0.998C0.996I3N0.996_221,1319
H6PbC(IN)3_14,1320
H6PbC2NCl3_146,1321
H6PbC2S(IO)2_62,1322
H6PbC2SI2O_62,1323
H6PbC3NCl3_96,1324
H6PbC5Br3N_62,1325
H6PbC5I3N_62,1326
H6PbCBr3N_62,1327
H6PbCI3N_140,1328
H70.4Pb6C16N8Cl20_139,1329
H70C83N4(ClO4)2_14,1330
H70Pb2C25Br9N5_2,1331
H71C80(NO3)3_2,1332
H72Pb4C42.08S5.92I16N8_61,1333
H72PbC32(I2N)2_14,1334
H72PbC32(I2N)2_61,1335
H74C83(N3O4)2_2,1336
H76.156C72S2N2O4_2,1337
H78C97S2N4(ClO4)2_2,1338
H79C88N4Cl3O10_2,1339
H79Pb5C24(I9N4)2_13,1340
H7C2Br2N_14,1341
H7C2I2N_14,1342
H7C36S2O_15,1343
H7C4IN_2,1344
H7C5I3BrNO_15,1345
H7C5I3NClO_2,1346
H7C5I4NO_15,1347
H7PbC2I3N2_157,1348
H7PbC3I2NO_14,1349
H7PbC3SI3N2_61,1350
H7PbC6I3NO_14,1351
H7PbCBr3N2_4,1352
H7PbCN2Cl3_26,1353
H7PbCN2Cl3_4,1354
H80C93S2(NO6)4_9,1355
H80Pb5C24(I9N4)2_13,1356
H80Pb5C28(I9N4)2_2,1357
H80Pb6C57(I7N3)3_1,1358
H80PbC36(I2N)2_14,1359
H80PbC36(I2N)2_61,1360
H84C137.788S8N4O9.84_2,1361
H84Pb5C24S12I22(N3O)4_14,1362
H88Pb3C85I10(N3O4)4_14,1363
H8C2SIN_14,1364
H8C8N_14,1365
H8PbC2Br3N_19,1366
H8PbC2I3N_14,1367
H8PbC2I3N_4,1368
H8PbC2I3N_62,1369
H8PbC2NCl3_19,1370
H8PbC3(Br2N3)2_14,1371
H8PbC4(Br2N3)2_14,1372
H8PbC4(N3Cl2)2_19,1373
H8PbC4(N3Cl2)2_63,1374
H8PbC6(IN)4_15,1375
H8PbCI3NO_11,1376
H92Pb3C64Br14N8(OF4)2_2,1377
H94Pb5C24S12I22(N6O)2_14,1378
H96Pb5C36Br22(N3O4)4_14,1379
H9C16INF2_14,1380
H9C2(IN)2_12,1381
H9PbC11I3N_2,1382
H9PbC4I3NO_14,1383
H9PbC4N3Cl4_61,1384
H9PbC5I3NF_62,1385
H9PbC5I3NF_63,1386
H9PbC5I4N3_14,1387
H9PbC6Br4N3_15,1388
H9PbC6Br4N3_61,1389
HfPbO3_55,1390
HoAlO3_62,1391
HoBRh3_221,1392
HoCoO3_62,1393
HoFe4(CuO4)3_204,1394
HoH9C4(NO4)2_29,1395
HoNiO3_62,1396
HoScO3_62,1397
In0.334Cu1.666H28C24N4Cl12_14,1398
In0.447Cu1.553C16N4Cl8_2,1399
In0.876Cu3.124H56C48N8Cl24_56,1400
InAgH28C8(NCl2)4_2,1401
InAgH36C12(Br3N)4_13,1402
InAgH40C12(Br2N)4_12,1403
InAgH40C12(NCl2)4_2,1404
InAgH44C16(Br2N)4_12,1405
InAgH48C32(Br2N)4_2,1406
InBiO3_33,1407
InBiO3_62,1408
InCuC20N5Cl9_15,1409
InH30C10N4Cl7O_62,1410
K0.0042Ta0.0065O0.03258_221,1411
K0.12Na0.18La1.7Mn2O6_167,1412
K0.24Ba0.76Yb0.38Bi0.62O3_221,1413
K0.25Ba0.73Er0.39Bi0.63O3_221,1414
K0.25Na0.25Ti1Bi0.5O3_160,1415
K0.25Na0.25Ti1Bi0.5O3_99,1416
K0.28Ba0.7Dy0.35Bi0.67O3_221,1417
K0.2Na0.3Ti1Bi0.5O3_99,1418
K0.2Na0.8Ti2Bi1O6_161,1419
K0.31Ba0.65La0.29Bi0.75O3_221,1420
K0.31Ba0.67Sm0.34Bi0.68O3_221,1421
K0.32Ba0.64Nd0.34Bi0.7O3_221,1422
K0.3Ba0.69Gd0.35Bi0.66O3_221,1423
K0.3La1.7Mn2O6_167,1424
K0.3Na0.2Ti1Bi0.5O3_221,1425
K0.4Na0.6Ti2Bi1O6_161,1426
K0.504Ba0.0922Sr0.1329La0.1498Ce0.0778Mg0.035Ti0.011Nb0.695Al0.0139Cr0.192Fe0.0509O3_221,1427
K0.5Ti1Bi0.5O3_99,1428
K0.7016Na0.2984Nb0.5O3_38,1429
K0.725Na0.275Nb0.5O3_38,1430
K0.7549Na0.245Nb0.5O3_38,1431
K0.7619Na0.2381Nb0.5O3_38,1432
K0.7699Rb0.2299Co1C8.0004N8_225,1433
K0.76Rb1.24Co2H24C16N16_15,1434
K0.832Na0.168Nb0.5O3_38,1435
K0.924Li0.027Ta1O3_221,1436
K0.96Ba3.04Na0.631Bi3.369O12_229,1437
K1.12Rb0.88Co2H24C16N16_15,1438
K1.32Rb0.68Co2H24C16N16_15,1439
K1.38Rb0.62Co2H24C16N16_15,1440
K1.38Th0.62Ti2O6_123,1441
K1.426Na0.574Nb2O6_38,1442
K1.52Na0.48Nb2O6_38,1443
K1.5428Na0.457Nb2O6_38,1444
K1.54Rb0.46Co2H24C16N16_15,1445
K1.6032Ba6.3968U2S12_167,1446
K1.65425743Na0.34574257Nb2O6_38,1447
K1.6786Na0.3214Nb2O5.612_38,1448
K1.7156Na0.2844Nb2O5.612_38,1449
K1.749Na0.251Nb2O5.7284_38,1450
K1.968Ce2H112C56N24O56_4,1451
K1.978Sr1Ta2O9_123,1452
K1.98Sr1Ta2O7_139,1453
K1.9989772Na0.00102275Nb2O6_38,1454
K1.999La0.667Ta2O7_139,1455
K10H127.9976C70.4996N20Cl30O120_176,1456
K10H127.9976C70N20Cl30O120_176,1457
K1Am1C7.9992N8O18_225,1458
K1B3H13.9776C4.4928N1.9968F12_221,1459
K1C8.0004Cl3O12_221,1460
K1Cm1C7.9992N8O18_225,1461
K1Co1C8N9.9996_225,1462
K1Co1H20.0016C12N8_225,1463
K1Cr1H15.9984C12N7.9992_225,1464
K1Fe1C8N9.9996_225,1465
K1Fe1H15.9984C12N7.9992_225,1466
K1La0.98Ta2Bi0.02O7_65,1467
K1Mg0.25Cu0.75F3_123,1468
K1Mg0.35Cu0.65F3_123,1469
K1Mg0.3Cu0.7F3_123,1470
K1Mg0.425Cu0.575F3_221,1471
K1Mg0.5Cu0.5F3_221,1472
K1Mg0.6Cu0.4F3_221,1473
K1Mg0.7Cu0.3F3_221,1474
K1Mg0.8Cu0.2F3_221,1475
K1Mg0.9Cu0.1F3_221,1476
K2.002Ba13.998Mg4B28O56F10_15,1477
K2B6H28C9(NF6)4_63,1478
K2Ba2Te2O9_194,1479
K2CaPO4F_62,1480
K2Fe0.8478Co1.1522H20C24N20_15,1481
K2FeOF5_15,1482
K2H30C10Br6N4O_38,1483
K2Mg0.1Cu1.9F6_140,1484
K2Mg0.2Cu1.8F6_140,1485
K2Mg0.3Cu1.7F6_140,1486
K2Mg0.4Cu1.6F6_140,1487
K2Na1Os1O5.52_225,1488
K2Nd2Ti3O10_139,1489
K2SiF6_225,1490
K2Sr1.5Ta3O10_139,1491
K2Sr1.5Ta3O11_123,1492
K2SrTa2O7_139,1493
K3AlF6_88,1494
K3B6ClO10_160,1495
K3Ba1Ca0.5U3O12_229,1496
K3GaF6_225,1497
K3GaF6_87,1498
K3GaF6_88,1499
K3NaOs2O9_194,1500
K4Co4H64.0128C48.0032N32_221,1501
K4Co4H64.0128C48N32_225,1502
K4Fe3F12_166,1503
K4Fe4H46.08C32N32_225,1504
K4Fe4H96.96C56.64N32_225,1505
K7.999992Cu16Ge6S24_226,1506
K7Bi3Br16_176,1507
K7Bi3Cl16_167,1508
K8H112.0896C48.0384N16.0128Cl24O104.0064_226,1509
K9.96Ba20.04B16O48F2_167,1510
KAlH18C8(NO6)2_14,1511
KB3H14C5(NF6)2_29,1512
KB3H14C5(NF6)2_57,1513
KBa2NaTe2O9_194,1514
KBa2Ni2F9_166,1515
KBaCaB2O5F_113,1516
KBiC2(NCl3)2_166,1517
KBiH24C10(NCl3)2_12,1518
KBiH24C10(NCl3)2_2,1519
KCa2Nb3O10_11,1520
KCa2Nb3O10_63,1521
KCa2Ta3O10_65,1522
KCeC30(N4O11)2_21,1523
KCeC34(NO3)8_65,1524
KCeH56C28(N3O7)4_4,1525
KCeH68C28(NO)24_2,1526
KCoF3_221,1527
KCoH10(C4N5)2_2,1528
KCoH12(CN)8_225,1529
KCoH20(C3N2)4_15,1530
KCrF3_123,1531
KCrF3_12,1532
KCrH12(CN)8_15,1533
KCrH16(C3N2)4_14,1534
KCrH18C8(NO6)2_14,1535
KCrH22C10(NO6)2_14,1536
KCuF3_140,1537
KEuC26(N7O12)2_51,1538
KEuH56C28(NO2)12_15,1539
KEuH56C28(NO2)12_2,1540
KFeH10(C4N5)2_2,1541
KFeH12(CN)8_15,1542
KFeH16(C5N4)2_128,1543
KFeH20(C3N2)4_15,1544
KFeH20C12(N4O)2_9,1545
KFeH24(C7N4)2_87,1546
KH14C4N2Cl3O_57,1547
KH14C5N2(ClO4)3_57,1548
KH14C5N2(ClO4)3_61,1549
KH14C6Br3N2_167,1550
KH14C6I3N2_155,1551
KH14C6N2Cl3O13_14,1552
KH14C6N2Cl3_167,1553
KH15C7N2Cl3O12F_14,1554
KLi3Co(CO2)6_167,1555
KLi3Fe(CO2)6_167,1556
KLi3Ni(CO2)6_167,1557
KMgF3_221,1558
KMnVO4_14,1559
KNbO3_99,1560
KNiBiC6(SN)6_2,1561
KRb2N2ClO6_55,1562
KSrNb2O6F_71,1563
La0.673Ti1Ag0.327O3_221,1564
La0.76Pr3.24Ga4O12_62,1565
La0.98Mn2Pb1O6_167,1566
La1.04Mn2Pb0.82O6_167,1567
La1.2142Nb4O12_65,1568
La1.366Ti1.9Al0.1O6_47,1569
La1.38Mn2Pb0.6O6_167,1570
La1.3Mn2Pb0.7O6_167,1571
La1.46Nd0.54Ga2O6_167,1572
La1.4Mn1.8Fe0.2Pb0.6O6_167,1573
La1.4Mn1.8Ni0.2Pb0.6O6_167,1574
La1.56Mn2Pb0.4O6_167,1575
La1.56Pr2.44Ga4O12_62,1576
La1.66666Mg1Ta1O6_12,1577
La1.76Mn2Pb0.2O6_167,1578
La1.80185814Ti0.92907093Al0.92907093O5.8_15,1579
La1.864Mn1.864O6_167,1580
La1.896Mn1.896O6_167,1581
La1.8Sm0.2Ga2O6_167,1582
La1.902Mn1.902O6_167,1583
La1.912Mn1.53Cr0.382O6_167,1584
La10MgTi7O30_165,1585
La10Ti5.99265404Ga2.00734596O30_165,1586
La10Ti7ZnO30_165,1587
La1Cu3Pt3.732O12_204,1588
La1Mn0.969Nb2Cl0.92O7_123,1589
La1Nb2Fe0.98Cl0.969O7_123,1590
La2.52Nd1.48Ga4O12_62,1591
La2.8Sm1.2Ga4O12_62,1592
La2Al0.2Ni1.8O6_167,1593
La2AlNiO6_167,1594
La2CoPtO6_14,1595
La2CoRuO6_14,1596
La2Cr0.2Ni1.8O6_167,1597
La2Cr0.4Ni1.6O6_167,1598
La2Cr0.6Ni1.4O6_167,1599
La2GaCoO6_167,1600
La2GaFeO6_62,1601
La2GaNiO6_167,1602
La2Mg0.4Ga1.6O5.76_74,1603
La2MgGeO6_146,1604
La2MgPtO6_14,1605
La2MgRhO6_14,1606
La2MnCoO6_14,1607
La2MnGaO6_62,1608
La2MnNiO6_14,1609
La2MnRhO6_62,1610
La2MnVO6_62,1611
La2NiPtO6_14,1612
La2NiRuO6_14,1613
La2Ta2N4.00002O1.99998_74,1614
La2Ti0.2Ni1.8O6_167,1615
La2Ti2N2.02O3.98_2,1616
La2Ti2V0.9O8_129,1617
La2Ti3(AgO5)2_139,1618
La2Ti3Ni0.85O10_139,1619
La2TiCoO6_14,1620
La2TiNiO6_14,1621
La2TiNiO6_62,1622
La2TiZnO6_14,1623
La2ZnPtO6_14,1624
La2ZnRhO6_14,1625
La3.32Sm0.68Ga4O12_62,1626
La3.5Ru4O13_47,1627
La3.6Sm0.4Ga4O12_62,1628
La3.92Mn2.744V1.176O12_62,1629
La3.92Mn3.528V0.392O12_62,1630
La3.96Mn0.396V3.564O12_62,1631
La3.96Mn0.792V3.168O12_62,1632
La3.96Mn1.188V2.772O12_62,1633
La3.96Mn3.168V0.792O12_62,1634
La3Co4Sn13_223,1635
La4Co2.66668Sb1.33332O12_14,1636
La4Cr1.2Ni2.8O12_62,1637
La4Cr1.6Ni2.4O12_62,1638
La4Cr2.8Ni1.2O12_62,1639
La4H52C56N32O79.9992_198,1640
La4Mn0.8Cr3.2O12_62,1641
La4Mn3.2Co0.8O12_62,1642
La4ScTi2NbO14_33,1643
La4Ti2.016Cu1.984O12_62,1644
La4Ti2.08Cu1.92O12_62,1645
La4Ti2NbGaO14_33,1646
La4V1.788Co2.212O12_62,1647
La4V1.884Ni2.116O12_62,1648
La4Zr4N4.232O7.768_62,1649
La5(MoO4)4_12,1650
La5CoRe3O16_2,1651
La5FeRe3O16_2,1652
La5MgRe3O16_2,1653
La5MnRe3O16_2,1654
La5Re3NiO16_2,1655
La5Ti3AlO15_165,1656
La5Ti4O15_165,1657
La5Ti5O17_14,1658
La6Ta2.16Ti3.84O22_26,1659
La7.68Mg5.24Nb2.64O24_14,1660
La7Mo7O30_148,1661
La8ScTi6NbO28_33,1662
La8Ti6NbGaO28_33,1663
La9Ti7O27_167,1664
LaAlO3_221,1665
LaBRh3_221,1666
LaCoO3_15,1667
LaCrO3_62,1668
LaCuO3_123,1669
LaCuO3_167,1670
LaFe4(CuO4)3_204,1671
LaFeO3_167,1672
LaFeO3_221,1673
LaFeO3_62,1674
LaMnO3_167,1675
LaNb2AgO7_139,1676
LaNb2AgO7_142,1677
LaNb2CuClO7_123,1678
LaNiO3_167,1679
LaPdO3_62,1680
LaScO3_62,1681
LaTa2AgO7_139,1682
LaTiAgO4_129,1683
Li0.15Nd1.2435Ti1O4_6,1684
Li0.3La0.567Ti1O3_123,1685
Li0.6La1.134Ti2O6_140,1686
Li0.972La1.008Ti2O6_167,1687
Li1.332Nb4Cu1.332O12_197,1688
Li1.334La4Ti2.666O12_14,1689
Li1.335Ta4Cu1.335O12_204,1690
Li13.99904I2N3.99952_227,1691
Li1Br0.82105_225,1692
Li1Cl0.80604_225,1693
Li2Ca2Ta3O10_139,1694
Li2LaTa2O7_139,1695
Li2Ti3(BiO3)4_41,1696
Li4.95408Br1.85446N1_71,1697
Li6Br3N0.99616_225,1698
Li6I2BrN_225,1699
Li6I3N_225,1700
Li6Si(ClO2)2_33,1701
Li8La2.668Ta8O28_136,1702
Li8La3.552Ti2Nb6O28_136,1703
Li8La6.88Ti9.36Nb2.64O40_138,1704
Li8La9Ti11Nb5O52_136,1705
LiCa2Nb3O10_2,1706
LiCa2Ta3O10_139,1707
LiEuTiO4_57,1708
LiLa2SbO6_14,1709
LiLaTiO4_129,1710
LiNd5Ti8O24_25,1711
LiNd5Ti8O24_6,1712
LuBRh3_221,1713
LuCoO3_62,1714
LuFe4(CuO4)3_204,1715
LuH9C4(NO4)2_29,1716
LuNiO3_14,1717
Mg0.5Ti0.65Bi0.8O3_221,1718
Mg0.75Ti0.75Fe0.5Bi1.9998O6_161,1719
Mg1.86Fe0.14Si2O6_63,1720
Mg3.724Cr0.552Si3.724O12_62,1721
Mg3.76470588Fe0.23529412Si4O12_62,1722
Mg3.88Al0.4Si3.72O11.916_62,1723
Mg3.8Al0.4Si3.8O12_62,1724
Mg3.8Fe0.2Si4O12_62,1725
Mg3.96Al0.2Si3.84O11.94_62,1726
Mg3.9Al0.2Si3.9O12_62,1727
Mg4Pb7.9968W4O24_225,1728
MgGeO3_63,1729
MgH8C6(NO3)2_14,1730
MgP3H12C(NO2)3_2,1731
MgPb2WO6_62,1732
MgSiO3_11,1733
MgSiO3_62,1734
MgSiO3_63,1735
MgTe(PbO3)2_225,1736
Mn1C3.96N10_221,1737
Mn2CoReO6_14,1738
Mn2H13.92C8N4.02O12_167,1739
Mn2H21.9996C10N1.9998O12_167,1740
Mn2H30C9Br7N3_186,1741
Mn2H45C49N3O11_14,1742
Mn2H6C10N1.98O12_167,1743
Mn2O3_148,1744
Mn3AgN_221,1745
Mn3IrN_221,1746
Mn3PdN_221,1747
Mn3PtN_221,1748
Mn3RhN_221,1749
Mn3SnN_221,1750
Mn4P11.32H51.36C4.68N8O24_62,1751
Mn4P4H72C56N36Cl3.08F0.92_19,1752
Mn4Tl3.912O12_2,1753
Mn6.4H88Pb5.6C32Br8N8_61,1754
Mn6CrPbO12_204,1755
Mn8H223.9984C143.9992N80_60,1756
Mn8H576Au24C304N64Cl7.998O31.9872_130,1757
Mn8H63.999C24N15.9996O48_4,1758
MnC18N10O_33,1759
MnC19N10_62,1760
MnC22N11O4_140,1761
MnFe3(BiO3)4_62,1762
MnH10C10(NCl2)2_15,1763
MnH10C2(NF2)2_14,1764
MnH10C3N10_14,1765
MnH10C5(NO3)2_14,1766
MnH10C5(NO3)2_74,1767
MnH10C5NCl3_14,1768
MnH10C5NCl3_62,1769
MnH11C5NO6_9,1770
MnH11C6NO6_62,1771
MnH12(C2N5)2_11,1772
MnH12C4NCl3O_14,1773
MnH12C4NCl3O_19,1774
MnH12C4NCl3O_62,1775
MnH15C19N10_14,1776
MnH16(C10O3)2_14,1777
MnH16C18N10O3_114,1778
MnH16C3N2(Cl2O)2_2,1779
MnH16C5(NCl2)2_62,1780
MnH28(C9N5)2_114,1781
MnH28(C9N5)2_140,1782
MnH28(C9N5)2_14,1783
MnH6CN10_14,1784
MnH7C4(NO3)2_15,1785
MnH8(CN5)2_4,1786
MnH8(CN5)2_64,1787
MnH8C18N10O_62,1788
MnH8C4(NO3)2_15,1789
MnH8C6(NO3)2_14,1790
MnH9C4(NO2)3_52,1791
MnH9C4Br3NF_20,1792
MnH9C4Br3NF_4,1793
MnH9C4NCl3F_20,1794
MnH9C4NCl3F_4,1795
MnH9C6NO6_62,1796
MnHC18N10O_19,1797
MnHC3N10_15,1798
MnP3H10C2(NO2)3_14,1799
MnP3H11C(NO3)2_14,1800
MnP3H11C3(NO3)2_14,1801
MnP3H12C(NO2)3_12,1802
MnP3H12C(NO2)3_2,1803
MnP3H12C(NO3)2_15,1804
MnP3H12C(NO3)2_62,1805
MnP3H13C(NO3)2_14,1806
MnP3H13C(NO3)2_62,1807
MnP3H13C3NO6_148,1808
MnP3H13C3NO6_2,1809
MnP3H14C(NO3)2_62,1810
MnP3H14C2NO6_14,1811
MnP3H14C2NO7_14,1812
MnP3H16C4NO6_14,1813
MnPH20(C5N3)3_14,1814
MnPH20C14N9O_14,1815
MnPH20C14N9O_19,1816
MnPH22(C5N3)3_19,1817
MnRe(PbO3)2_14,1818
MnRe(PbO3)2_227,1819
MnSnI3_221,1820
MnV4(CuO4)3_204,1821
Mo2H4C6S4Br5_148,1822
Mo2H4C6Se4Br5_148,1823
Mo2H4C6Se4Cl5_148,1824
MoH12C12N2O3_14,1825
MoH24C4N4Cl7_13,1826
MoH5C5NO3_61,1827
Na0.04Ca3.804Ce0.04Ti3.908Fe0.08O12_62,1828
Na0.05Sr0.9La0.05Ti1O3_221,1829
Na0.08Ca3.76Ce0.16Ti3.04Nb0.52Fe0.44O12_62,1830
Na0.15Sr0.7La0.15Ti1O3_221,1831
Na0.19113Sr1Ta0.80887N0.2O2.8_123,1832
Na0.1Pr3.9Mn4O12_62,1833
Na0.1Sr0.8La0.1Ti1O3_221,1834
Na0.25Sr0.5La0.25Ti1O3_221,1835
Na0.2Pr3.8Mn4O12_62,1836
Na0.2Sr0.6La0.2Ti1O3_221,1837
Na0.32Ca3.32Ce0.36Ti3.84Nb0.08Fe0.08O12_62,1838
Na0.392Sr2Nb1.608N0.366O5.634_140,1839
Na0.3Ca0.7Ti0.7Nb0.3O3_221,1840
Na0.3Pr3.7Mn4O12_62,1841
Na0.3Sr0.4La0.3Ti1O3_221,1842
Na0.5Sr1La0.5Ti2O6_140,1843
Na0.5Ti1Bi0.5O3_221,1844
Na0.5Ti1Tl0.5O3_99,1845
Na0.6Sr0.4Ta1O3_221,1846
Na0.7Sr0.3Ta1O3_221,1847
Na0.7Sr0.6La0.7Ti2O6_140,1848
Na0.84Pr3.16Mn4O12_62,1849
Na0.8Pr3.2Mn4O12_62,1850
Na0.8Sr0.4La0.8Ti2O6_167,1851
Na0.9Sr0.2La0.9Ti2O6_167,1852
Na1.68Pr6.32Mn8O24_11,1853
Na1.68Pr6.32Mn8O24_31,1854
Na1.6Sr0.4Ta2O6_127,1855
Na1.9999Ca2.0001Nb4O13_139,1856
Na1.9999Ca2.0001Nb4O14.7_139,1857
Na12Fe3S6(O3F)8_2,1858
Na1B3C9.1F12_221,1859
Na1La0.98Ta2Bi0.02O8.384_139,1860
Na1La1Ta2O8.9_139,1861
Na1La2Ta1Ti2O10.9_123,1862
Na1La2Ta1Ti2O11.98_139,1863
Na1Ti4.50001Cu2.49999O12_204,1864
Na2Ca2Si2O7_15,1865
Na2Ca2Ta3O10_139,1866
Na2La2Ti1.998Ru0.999O10_139,1867
Na2La2Ti2.249Ru0.75O10_139,1868
Na2La2Ti2.499Ru0.498O10_139,1869
Na2La2Ti2.749Ru0.248O10_139,1870
Na2La2Ti3O10_139,1871
Na2Mo(OF2)2_14,1872
Na3.068La4.932Rh2O12_167,1873
Na3.092Nd4.908Rh2O12_167,1874
Na3.104Pr4.896Rh2O12_167,1875
Na3.6Sr0.4Ta4O12_62,1876
Na3.98Ca4.02Nb8O26_36,1877
Na3.98La4.02Pt2O12_167,1878
Na3.98Nd4.02Pt2O12_167,1879
Na3AlF6_14,1880
Na3AlF6_71,1881
Na3AlH6_14,1882
Na3B6ClO10_19,1883
Na3FeH2S3O13_14,1884
Na3Ni1H5.0004_225,1885
Na3NiH5_62,1886
Na3NiH5_63,1887
Na3SO4F_11,1888
Na6.008Sr2.992Si6O18_166,1889
Na6Fe(SO4)4_14,1890
Na8Ti0.4Nb7.6O23.7996_57,1891
Na8Ti0.8Nb7.2O23.6004_57,1892
Na8Ti1.2Nb6.8O23.4_57,1893
Na8Ti1.6Nb6.4O23.1996_57,1894
NaAlH22C10(NO6)2_14,1895
NaAlH22C10(NO6)2_7,1896
NaB3H14C6(NF6)2_205,1897
NaCa2Ta3O10_139,1898
NaCa4Nb5O17_14,1899
NaCoF3_62,1900
NaCrH14C6(NO6)2_148,1901
NaCrH18C8(NO6)2_14,1902
NaCrH22C10(NO6)2_14,1903
NaCrH22C10(NO6)2_7,1904
NaCu3(RuO3)4_204,1905
NaDyNiWO6_4,1906
NaErCoWO6_4,1907
NaEuNiWO6_4,1908
NaF_225,1909
NaFeF3_63,1910
NaFeH22C10(NO6)2_14,1911
NaFeH22C10(NO6)2_7,1912
NaFeH48C32(NCl2)4_14,1913
NaGdNiWO6_4,1914
NaH12C4I3N2_15,1915
NaH12C4N2(ClO4)3_14,1916
NaH14C6Br3N2_167,1917
NaH14C6N2Cl3_167,1918
NaH20PbC10Br3O5_62,1919
NaH38C12I7N6O_14,1920
NaHoNiWO6_4,1921
NaLa2IrO6_14,1922
NaLa2OsO6_14,1923
NaLa2RuO6_14,1924
NaLa2TaTi2O10_139,1925
NaLaMgWO6_11,1926
NaLaMgWO6_12,1927
NaLaNiWO6_4,1928
NaLaTa2O7_139,1929
NaLaTi2O6_167,1930
NaLuCoWO6_4,1931
NaLuMnWO6_4,1932
NaMgF3_221,1933
NaMgF3_36,1934
NaMgF3_62,1935
NaMgF3_63,1936
NaMgH3_62,1937
NaNb4Bi5O18_36,1938
NaNbO3_57,1939
NaNbO3_59,1940
NaNbO3_62,1941
NaNd2IrO6_14,1942
NaNd2OsO6_14,1943
NaNd2RuO6_14,1944
NaNdNiWO6_4,1945
NaNiF3_62,1946
NaNiF3_63,1947
NaNiH3_221,1948
NaPr2IrO6_14,1949
NaPr2OsO6_14,1950
NaPr2RuO6_14,1951
NaPrNiWO6_4,1952
NaSm2IrO6_14,1953
NaSmNiWO6_4,1954
NaTbNiWO6_4,1955
NaTi2BiO6_100,1956
NaTi2BiO6_161,1957
NaTmCoWO6_4,1958
NaYNiWO6_4,1959
NaYbCoWO6_4,1960
NaYbNiWO6_4,1961
NaZnF3_62,1962
Nb2Bi2PbO9_123,1963
Nb4Bi3.94Pb2.06O18_41,1964
NbCuO3_7,1965
Nd1Mn4.33Cu2.67O12_204,1966
Nd2.8Ti3.6Al0.4O12_12,1967
Nd2.8Ti3.6Al0.4O12_65,1968
Nd2AlNiO6_62,1969
Nd2CoPtO6_14,1970
Nd2CoRuO6_14,1971
Nd2Cu1O3.5_71,1972
Nd2Cu2O5_55,1973
Nd2Ti2O7_4,1974
Nd4Al0.4Ni3.6O12_62,1975
Nd4Cu4O11.724_62,1976
Nd4Ti4N3.32O8.68_62,1977
Nd5Cu5O13_10,1978
NdCu3(RuO3)4_204,1979
NdFe2_25,1980
NdFe4(CuO4)3_204,1981
NdH24C30NO11_2,1982
NdMnO3_62,1983
NdNi_62,1984
NdScO3_62,1985
NdTi3Fe(CuO4)3_204,1986
NdTiHO4_129,1987
Ni(C9N5)2_140,1988
Ni2C35.92N20_72,1989
Ni2H35(C9N5)4_52,1990
Ni2H44Pb3C60(I5N6)2_29,1991
Ni2H6C10N1.98O12_167,1992
Ni3P2H42W18C39(N3O34)2_223,1993
Ni4Bi3.6C22.184S20.64N30_201,1994
NiBiC7S6N7_13,1995
NiBiH4C6S6N7_2,1996
NiBiO3_2,1997
NiH14(C9N5)2_114,1998
NiH15C8N4O7F_4,1999
NiH16C8N4O7_4,2000
NiH18C8(NO2)4_56,2001
NiH22Pb2C30(IN)6_220,2002
NiH22PbC30(I2N3)2_2,2003
NiH8C4NCl3_36,2004
NiH9C4NO6_62,2005
PH14PbC5Br3O_14,2006
PH16PbC5Br4N_4,2007
PH6CI_11,2008
PPbC5Br3O_15,2009
Pb0.818C1I3N0.9996_221,2010
Pb0.854C1I3N0.9996_221,2011
Pb0.95C1I3N2.0004_221,2012
Pb1.51C2I6N4_127,2013
Pb1C0.9996Br3N2.0004_221,2014
Pb1C0.9996Br3N2_221,2015
Pb1C0.9998Br3N0.9998_221,2016
Pb1C1.9992Br3N0.9996_221,2017
Pb1C1I2.54979004Br0.45020996N1.875_221,2018
Pb1C1I3N1.14_221,2019
Pb1C1I3N1.86_221,2020
Pb1C1I3N2.04_215,2021
Pb1C2.0004I0.21Br2.79N0.9996_221,2022
Pb1C2.0004I0.921Br2.079N0.9996_221,2023
Pb1C2.0004I0.99Br2.01N0.9996_221,2024
Pb1C2.0004I1.041Br1.959N0.9996_221,2025
Pb1C2.0004I2.16Br0.84N0.9996_221,2026
Pb1C2.0004I2.913Br0.087N0.9996_221,2027
Pb1C2.0004I2.97Br0.03N0.9996_221,2028
Pb1C2.0004I3N0.9996_221,2029
Pb1C2.0004N0.9996Cl3_221,2030
Pb2Br5N_140,2031
Pb2C12.0004Br6N4.0002_194,2032
Pb2C12Br7N4_57,2033
Pb2C13Br7N_5,2034
Pb2C13I7N3_15,2035
Pb2C21.28S2.72N4Cl8_64,2036
Pb2C2I6N4.02_186,2037
Pb2C31.44S0.56I8N8_64,2038
Pb2C4I6N1.98_194,2039
Pb2C6I7N4_15,2040
Pb2C7I7N2_2,2041
Pb3C25(I5N)2_2,2042
Pb3C3I9N6.03_156,2043
Pb3C40(Br5N2)2_15,2044
Pb3C6S2I8(NO)2_36,2045
Pb4.48I14.48_83,2046
Pb4C3.9996Br12N3.9996_204,2047
Pb4C4I12N4.0002_204,2048
Pb56.21779996I61.92060004_215,2049
PbC10(I2N)2_139,2050
PbC16(I2N)2_12,2051
PbC16(I2N)2_2,2052
PbC18(I2N)2_12,2053
PbC19(I2N)2_2,2054
PbC2(BrN)4_2,2055
PbC4(NCl2)2_14,2056
PbC4S2(IO)2_65,2057
PbC5Br3NCl_33,2058
PbC6(Br2N)2_14,2059
PbC6I3N_62,2060
PbC6I4NF2_121,2061
PbC7Br3N_61,2062
PbC7I3N_14,2063
PbCI3N_108,2064
PbCI3N_62,2065
PbCI3N_69,2066
PbCI3N_99,2067
PbCI3_194,2068
PbCl3_194,2069
PbI3N_221,2070
Pr2CoPtO6_14,2071
Pr3.608Mn3.968O12_62,2072
Pr4Co1.98Ru1.98O12_14,2073
Pr4Ta4N8.00004O3.99996_62,2074
PrBRh3_221,2075
PrCoO3_62,2076
PrFe4(CuO4)3_204,2077
PrMnO3_62,2078
PrNiO3_62,2079
PtC2(I4N3)2_2,2080
Pt_225,2081
Rb(BrN2)3_221,2082
Rb0.5Ce0.5C20N6O10_97,2083
Rb0.5Eu0.5C20N6O10_97,2084
Rb0.5Sm0.5C20N6O10_97,2085
Rb0.9Sr1Nb2O6F1_123,2086
Rb1.414Ba6.586U2S12_167,2087
Rb1.98La1Nb2Cl1O7_123,2088
Rb1C10.6668Br3_221,2089
Rb1C10.6668Cl3_221,2090
Rb1C12Br2.994_221,2091
Rb1C8.0004Cl3O12_221,2092
Rb1C9.36I3_221,2093
Rb1La0.98Ta2Bi0.02O7_123,2094
Rb1Na0.6Sr0.399Ca2.001Nb4O13_123,2095
Rb1Na0.8001998Sr0.2007992Ca1.999001Nb4O13_123,2096
Rb1Na0.9999Ca2.0001Nb4O13_123,2097
Rb1Na0.999Ca2.001Nb4O13_123,2098
Rb2B6C12N4.0004F24_226,2099
Rb2CaPO4F_62,2100
Rb2H30C10Br6N4O_38,2101
Rb2MnOF5_63,2102
Rb2NaYF6_225,2103
Rb2SnBr6_225,2104
Rb2SnCl6_225,2105
Rb3Sb2I9_14,2106
Rb4La4H55.9996C68N28O79.9992_198,2107
Rb7.99992Cu16Ge6S24_226,2108
RbB3H14C6(NF6)2_205,2109
RbBa2Fe2F9_166,2110
RbBa2Ni2F9_166,2111
RbBaCaB2O5F_113,2112
RbC8(IN2)3_221,2113
RbCa2Ta3O10_123,2114
RbCaF3_221,2115
RbCeH46C28(N3O7)4_2,2116
RbCeH56C28(N3O7)4_4,2117
RbDyC30(N4O11)2_21,2118
RbDyH56C28(N3O7)4_4,2119
RbEuH56C28(N3O7)4_4,2120
RbH14C6Br3N2_154,2121
RbH14C6I3N2_190,2122
RbH14C6N2Cl3_152,2123
RbH15C7N2Cl3O12F_14,2124
RbH16C7Br3N2_31,2125
RbH16C7Br3N2_33,2126
RbLa2TaTi2O10_123,2127
RbLa2Ti2NbO10_123,2128
RbLaTiNbO6F_123,2129
RbLi3Co(CO2)6_167,2130
RbLi3Fe(CO2)6_167,2131
RbLi3Ni(CO2)6_167,2132
RbNa2B6BrO10_62,2133
RbNa2B6ClO10_19,2134
RbNbO3_38,2135
RbNbO3_99,2136
RbNdTiNbO6F_123,2137
RbPrTiNbO6F_123,2138
RbSmH56C28(N3O7)4_4,2139
RbSr2Nb3O10_123,2140
RbTa7(CuO7)3_65,2141
RbTbC30(N4O11)2_21,2142
RbTbH56C28(N3O7)4_4,2143
RbZnF3_194,2144
Re3C7NO12_221,2145
Re3H16C7(NO4)3_14,2146
Sb2C2I9_194,2147
Sb2H15C15(NCl4)3_2,2148
Sb2H15C15Br3(NCl3)3_2,2149
Sb2H36C15(Br3N)3_161,2150
Sb2H36C15(Br3N)3_167,2151
Sb2H36C15(NCl3)3_167,2152
Sb2H36C15Br3(NCl2)3_161,2153
Sb2H36C15Br3(NCl2)3_167,2154
Sb2I9N_194,2155
Sb4H80C64Br19.996N8_14,2156
SbC8N2Cl5_31,2157
SbH16C6Br6(NF2)3_14,2158
SbH17C6Br6N3F7_58,2159
SbH18C6Br5N2_19,2160
SbH18C6Br6(NF2)3_14,2161
SbH18C6Br6(NF2)3_58,2162
SbH20C16Br5N2_14,2163
SbH20C8N2Cl5_4,2164
SbH20C8N2Cl5_62,2165
SbH20C8N2Cl5_7,2166
SbH28C12N2Cl5_19,2167
SbH28C12N2Cl5_62,2168
SbH40C12I9N4_12,2169
SbH40C12I9N4_14,2170
SbH5C5Br4NCl_14,2171
SbH5C5I4BrN_14,2172
SbH5C5I4NCl_14,2173
SbH6C5Br4N_2,2174
SbH6C5I4N_15,2175
SbH6C5NCl4_2,2176
Sc0.6Fe1.4Bi2O6_161,2177
Sc1B0.21Rh3_221,2178
Sc1B0.444Rh3_221,2179
Sc1B0.706Rh3_221,2180
Sc1Pb0.99996O2.0001F0.9999_221,2181
Sc2.182Mn3.818Sb2O12_14,2182
Sc4.8Fe11.2Bi16O48_62,2183
ScAlO3_62,2184
ScBiO3_62,2185
ScFeO3_161,2186
SiH42(C23N)2_9,2187
SiH50C50(NO2)2_14,2188
SiH78C91N4Cl3O8_2,2189
Sm2CoRuO6_14,2190
SmBRh3_221,2191
SmFe4(CuO4)3_204,2192
SmH24C30NO11_2,2193
SmH68C81N17O_33,2194
SmMnO3_62,2195
SmScO3_62,2196
Sn0.4124Pb0.3885C1I3N2.52_221,2197
Sn0.433Pb0.5236C1I3N0.96_221,2198
Sn0.52048361Pb0.47951639C1I3N2.8566_221,2199
Sn0.862Pb1.138C2I6N2_108,2200
Sn13H144C58(I23N9)2_136,2201
Sn1H56C16I2.944Br7.056N8_2,2202
Sn1P1C1.5036I3_215,2203
Sn2C12I7N3_107,2204
Sn2H10C3(IN)6_96,2205
Sn2H20C9I7N3_101,2206
Sn2H20C9I7N3_41,2207
Sn2H21C10(I4N3)2_29,2208
Sn2H25C7I8N11_2,2209
Sn2I7_2,2210
Sn2I7_83,2211
Sn3C5.9997I9N6.0003_160,2212
Sn3C9I9N6.0003_160,2213
Sn3H36C10(Br5N2)2_36,2214
Sn3H36C10(Br5N2)2_64,2215
Sn3H36C10(Br5N2)2_87,2216
Sn6C11.9994I18N6_186,2217
Sn6PH47C22I23N33O2_2,2218
SnC16I4(NCl)2_12,2219
SnC3Br3N_33,2220
SnC3NCl3_9,2221
SnC5(I2N)2_64,2222
SnCBr3N_26,2223
SnCI3N2_127,2224
SnCI3N2_44,2225
SnCI3N_108,2226
SnCI3N_99,2227
SnH10(C2O)6_43,2228
SnH10C22I6(N2F5)2_15,2229
SnH10C6(I2N)2_62,2230
SnH10PbC7I7N4_14,2231
SnH11C5I4N3_14,2232
SnH12C2(I2N3)2_14,2233
SnH12C2(I2N3)2_2,2234
SnH12C2(I2N3)2_53,2235
SnH12C7(I2N)2_14,2236
SnH12C7(I2N)2_61,2237
SnH14C22I6(N2F3)2_15,2238
SnH14C4(Br2N)2_15,2239
SnH14C4(Br3N)2_11,2240
SnH14C4(I2N)2_2,2241
SnH14C4(NCl4)2_11,2242
SnH14C4Br6(NCl)2_11,2243
SnH16C10S2(I2N)2_36,2244
SnH16C10S2(I2N)2_61,2245
SnH16C4I4(NO)2_14,2246
SnH16C4I4(NO)2_62,2247
SnH18C6S3I2O3_15,2248
SnH20C14(I2N)2_61,2249
SnH20PbC12(I2N)4_11,2250
SnH22C16I4(BrN)2_14,2251
SnH24C10I4(NO)2_14,2252
SnH24C10I4(NO2)2_14,2253
SnH24C16(I2N)2_2,2254
SnH24C8(I2N)2_61,2255
SnH36C14(I2N)2_61,2256
SnH40C40S8(I2N)2_1,2257
SnH56C18Br8N6O_15,2258
SnH5C3I3N2_7,2259
SnH5C6BrO3_14,2260
SnH5C6IO3_61,2261
SnH5CI3N2_100,2262
SnH5CI3N2_38,2263
SnH6C(IN)3_14,2264
SnH6C(IN)3_176,2265
SnH6C6(IN)4_15,2266
SnH7C2I3N2_4,2267
SnH7C3NCl3_60,2268
SnH8C2I3N_29,2269
SnH9C3NCl3_36,2270
SnI3_140,2271
SnI3_221,2272
Sr0.17La0.83Ru1O2.94_221,2273
Sr0.2Ca0.8Fe4Cu3O12_204,2274
Sr0.2La0.8Mg0.2Ga0.8O2.55_221,2275
Sr0.2Pr3.8Ni4O12_62,2276
Sr0.4Ca0.6Fe4Cu3O12_204,2277
Sr0.4Ca0.8Pr2.8Mn4O12_62,2278
Sr0.4La3.6In4O11.7996_62,2279
Sr0.4La3.6Lu4O11.7996_62,2280
Sr0.4La3.6Sc4O11.7996_62,2281
Sr0.5La0.5Mg0.96Ta0.04O3_221,2282
Sr0.6La0.4Mg0.97Ta0.03O3_221,2283
Sr0.76La0.24Ru0.96O2.7_221,2284
Sr0.78La0.22Ru1O2.88_221,2285
Sr0.7La0.3Mg0.91Ta0.09O3_221,2286
Sr0.84La0.16Ru1O3_221,2287
Sr0.855Co1Bi0.145O2.736_221,2288
Sr0.85Ce0.15Mn1O3_123,2289
Sr0.85Ta2Bi2.1O9_139,2290
Sr0.88Co1Bi0.12O2.724_221,2291
Sr0.8Ca0.2Ti1O2.796_221,2292
Sr0.8Ca3.2Ti4O11.124_62,2293
Sr0.8Ce0.2Mn1O3_123,2294
Sr0.8La0.2Mg0.86Ta0.14O3_221,2295
Sr0.8Pr1.2Mn2O6_15,2296
Sr0.8Pr1.2Mn2O6_74,2297
Sr0.8Ti0.6Nb0.4O3_221,2298
Sr0.8Zr0.06Ti0.54Nb0.4O3_221,2299
Sr0.8Zr0.12Ti0.48Nb0.4O3_221,2300
Sr0.8Zr0.36Ti0.24Nb0.4O3_221,2301
Sr0.925Ce0.075Mn1O3_221,2302
Sr0.92Li0.08Ta0.92N0.89O1.91_123,2303
Sr0.94Nd1.06Mn2O6_74,2304
Sr0.9Ce0.1Mn1O3_123,2305
Sr1.01Eu1.99Al2O7_139,2306
Sr1.01Sm1.99Al2O7_139,2307
Sr1.028La0.97Mn1Co1O6_225,2308
Sr1.08La1.92Cu2O5.96_139,2309
Sr1.25Ce0.11Ho2.64In0.98Cu2.02O9_139,2310
Sr1.2Ca0.8Ti2O5.784_140,2311
Sr1.2Pr2.8Mn4O12_62,2312
Sr1.3Ca0.7Ti2O6_140,2313
Sr1.46Li0.54Ta1.46N1.1596O3.64_140,2314
Sr1.46Li0.54Ta1.46N1.162O3.638_140,2315
Sr1.4Ce0.6Mn2O6_140,2316
Sr1.52Ce0.05Ho2.43In0.868Cu2.132O9_139,2317
Sr1.532La0.468Mn1.848O5.58_167,2318
Sr1.63Ca0.02La1.35In0.328Cu2.672O6.92_123,2319
Sr1.648Eu2.356Mn4O12_62,2320
Sr1.66Li0.34Ta1.66N1.48O3.76_140,2321
Sr1.6Ca2.4Ti4O11.58_62,2322
Sr1.6La6.4Cu8O20_127,2323
Sr1.6La6.4Fe1.2Cu6.8O20_127,2324
Sr1.6Zr0.96Ti0.24Nb0.8O6_140,2325
Sr1.6Zr1.2Nb0.8O6_140,2326
Sr1.7Ta4Bi4.2O18_36,2327
Sr1.93Ta4Bi3.95O17.8_38,2328
Sr1.9Ce0.1Co2O5.6_123,2329
Sr10Al6O19_15,2330
Sr10Ga6O19_60,2331
Sr10Sc4Ga6O25_88,2332
Sr11(Ge2N3)2_125,2333
Sr14Nb12H544C268O97_2,2334
Sr16Cu10Bi8O41_69,2335
Sr1Fe0.6667Te0.3333O3_221,2336
Sr1Li0.9Nb2O6F1_139,2337
Sr1Mn0.54131Ga0.45869O2.6511_221,2338
Sr1Mn0.5Nb0.5O2.8749_221,2339
Sr1Mn0.5Sb0.5O3_221,2340
Sr1Mn0.67413Ga0.32587O2.81619_221,2341
Sr1Mn0.7355Ga0.2645O2.829_221,2342
Sr1Mn0.76Ga0.24O2.499_221,2343
Sr1Mn0.819Ga0.181O2.868_221,2344
Sr1Mn0.91059Ga0.08941O2.9319_221,2345
Sr1Nb0.5Co0.5O3_221,2346
Sr1Nb0.602Cu0.398O2.905_123,2347
Sr1Nb1N0.9999O2.0001_123,2348
Sr1Ta0.5V0.5O3_221,2349
Sr1Ti0.1Fe0.9O2.949_221,2350
Sr1Ti0.5Fe0.5O2.901_221,2351
Sr1Ti0.5Mn0.5O3_221,2352
Sr1Ti0.7Mn0.3O3_221,2353
Sr1Ti0.8Mn0.2O3_221,2354
Sr1Ti0.9Mn0.1O3_221,2355
Sr1Ti1O2.88_221,2356
Sr2.07Li2Nb3.96Fe0.04O13_139,2357
Sr2.1Ca0.9Ta1O5.496_225,2358
Sr2.3Ca0.7Ta1O5.496_225,2359
Sr2.41La1.182Ru0.96Pt0.04O6.96_166,2360
Sr2.46La0.54Fe2O6.516_139,2361
Sr2.46La0.54Fe2O6.64_139,2362
Sr2.46La0.54Fe2O6.74_139,2363
Sr2.46La0.54Fe2O6.82_139,2364
Sr2.46La0.54Fe2O6.94_139,2365
Sr2.46La0.54Fe2O7_139,2366
Sr2.4Ca1.6Ti4O12_62,2367
Sr2.5Ca0.5Ta1O5.496_225,2368
Sr2.6Ca1.4Ti4O12_62,2369
Sr2.85La0.15Mg1.21Ta1.79O8.775_164,2370
Sr2.8La5.2Fe1.2Cu6.8O20_127,2371
Sr2.9Ca0.1Ta1O5.496_225,2372
Sr2Ca1Ta1O5.496_225,2373
Sr2CaMoO6_14,2374
Sr2CaTeO6_14,2375
Sr2CeIrO6_14,2376
Sr2Co1.32W0.66O6_225,2377
Sr2CoMoO6_225,2378
Sr2CoReO6_87,2379
Sr2CoWO6_14,2380
Sr2CoWO6_225,2381
Sr2Cr1.34W0.66O6_225,2382
Sr2CrMoO6_225,2383
Sr2CuCO5_123,2384
Sr2CuTeO6_87,2385
Sr2CuWO6_87,2386
Sr2DyReO6_225,2387
Sr2ErReO6_225,2388
Sr2Fe0.8Mo1.2O6_139,2389
Sr2Fe0.97Mo0.94O5.808_225,2390
Sr2Fe0.97Mo0.94O5.808_87,2391
Sr2Fe1.1Mo0.9O6_139,2392
Sr2Fe1.47Te0.53O6_87,2393
Sr2Fe1.4Mo0.6O6_225,2394
Sr2Fe1.5Mo0.5O6_225,2395
Sr2FeMoO6_139,2396
Sr2FeMoO6_225,2397
Sr2FeWO6_14,2398
Sr2GdReO6_225,2399
Sr2HoReO6_225,2400
Sr2HoRuO6_14,2401
Sr2La2Ti3CuO12_123,2402
Sr2LaTa3O11_71,2403
Sr2Li0.382Nb1.618N0.468O5.532_140,2404
Sr2Li0.386Ta1.614N0.4O5.6_140,2405
Sr2Mg0.432Nb1.568N0.802O5.198_140,2406
Sr2MgReO6_139,2407
Sr2Mn0.8Nb1.2O6_74,2408
Sr2Mn1.008Ga0.992O5.488_65,2409
Sr2Mn2O5_55,2410
Sr2MnMoO6_86,2411
Sr2MnNbO6_140,2412
Sr2MnNbO6_225,2413
Sr2MnRuO6_140,2414
Sr2MnSbO6_140,2415
Sr2MnSbO6_87,2416
Sr2Nb0.5Co0.5O4_139,2417
Sr2Nb2H117(C3O)19_14,2418
Sr2Nb2H141C69O19_61,2419
Sr2Nb2O7_36,2420
Sr2NbFeO6_74,2421
Sr2NbInO6_14,2422
Sr2NdTaO6_14,2423
Sr2NiMoO6_225,2424
Sr2NiMoO6_87,2425
Sr2NiWO6_225,2426
Sr2ReNiO6_87,2427
Sr2ScGaO5_74,2428
Sr2ScNbO6_14,2429
Sr2Ta2O7_36,2430
Sr2TaCrO6_87,2431
Sr2TaGaO6_87,2432
Sr2TbIrO6_14,2433
Sr2TbReO6_225,2434
Sr2TbRuO6_14,2435
Sr2TmReO6_225,2436
Sr2TmTaO6_14,2437
Sr2VO4_139,2438
Sr2YCoCu2O7_46,2439
Sr2YNbO6_14,2440
Sr2YReO6_225,2441
Sr2YTaO6_14,2442
Sr2YbNbO6_14,2443
Sr2YbReO6_225,2444
Sr2ZnMoO6_225,2445
Sr2ZnMoO6_87,2446
Sr2ZnReO6_87,2447
Sr2ZnWO6_14,2448
Sr2ZnWO6_225,2449
Sr3(GaO3)2_205,2450
Sr3.6La4.4Fe2Cu6O20_127,2451
Sr3Al2O6_205,2452
Sr3CaRu2O9_14,2453
Sr3Mg1.2Ta1.8O8.703_164,2454
Sr3NbCoO7_139,2455
Sr3PbO_221,2456
Sr3SnO_221,2457
Sr3Ta1O5.496_225,2458
Sr3TeO6_2,2459
Sr3Ti1Al25.616Au7.374_221,2460
Sr3Zr6H228C123.568O39.568_2,2461
Sr4.462Nd1.538Ta2O11.7_14,2462
Sr4.8Co8Bi3.2O21.12_139,2463
Sr4Ca1.2Bi2.8O12_14,2464
Sr4Ca1.2Sb2.8O12_14,2465
Sr4Fe4O11_65,2466
Sr4Fe6O13_45,2467
Sr4In2.668W1.332O12_62,2468
Sr4In2.68W1.32O12_14,2469
Sr4Mn2.112Ga1.888O10_74,2470
Sr4Mn3.2B0.8O10_38,2471
Sr4Ru2O9_190,2472
Sr4Ta3.52Nb0.48O14_36,2473
Sr4Ti2H168C94O21_2,2474
Sr4U1.32In2.66O12_14,2475
Sr5.1Eu3.9Cu6O16.952_71,2476
Sr5.6Co8Bi2.4O21.44_139,2477
Sr5Mn4CO13_83,2478
Sr5Nb5O17_34,2479
Sr6Co4.68O14.88_155,2480
Sr7.2Ce0.8Co8O22.4_139,2481
Sr7.2Co8Bi0.8O21.08_139,2482
Sr8CaCu4(ReO8)3_221,2483
Sr8Fe8O23_139,2484
Sr8Ru6.1O24_186,2485
SrCa3Ti4O12_62,2486
SrCaTi2O6_62,2487
SrCoBiRuO6_62,2488
SrDy2Al2O7_139,2489
SrFeH12C6(N4O)2_15,2490
SrFeH8(C3N4)2_14,2491
SrGeO3_221,2492
SrHo2Al2O7_139,2493
SrLa2(CuO3)2_139,2494
SrLa2Al2O7_139,2495
SrLaCuRuO6_14,2496
SrLaNiRuO6_14,2497
SrLaTa2(NO)3_62,2498
SrLi2Nb2O7_139,2499
SrLi2Ta2O7_139,2500
SrMgF4_4,2501
SrMnO3_221,2502
SrMoO4_88,2503
SrNd2Al2O7_139,2504
SrNdMn2O6_74,2505
SrSiO3_221,2506
SrSnO3_221,2507
SrSnO3_62,2508
SrTa2Bi2O9_139,2509
SrTaNO2_115,2510
SrTaNO2_123,2511
SrTb2Al2O7_139,2512
SrTiO3_221,2513
SrZrH63C32O9_2,2514
SrZrO3_221,2515
Tb3.8364Sc4O11.7544_62,2516
TbBRh3_221,2517
TbCoO3_62,2518
TbFe4(CuO4)3_204,2519
TbH24C30NO11_2,2520
TbH9C4(NO4)2_29,2521
TbMnO3_62,2522
TbScO3_62,2523
Te(BrN)6_225,2524
Te(CBr3)2_225,2525
Te(I3N)2_225,2526
TeC14(I3N)2_14,2527
TeH10C10I6(BrN)2_14,2528
TeH10C10I8(NCl)2_9,2529
TeH10C8(I5N2)2_2,2530
TeH12C10(I4N)2_15,2531
TeH12C10I8N2O_2,2532
TeH15C15I9(NCl)3_2,2533
Th1B0.9Ru3_221,2534
ThMn4(CuO4)3_204,2535
ThNb4O12_51,2536
ThNb4O12_71,2537
Ti0.5Zn0.5Bi1O3_99,2538
Ti0.75Fe0.5Ni0.75Bi1.9998O6_161,2539
Ti2H84Pb(C10O3)4_2,2540
Ti3H96Pb2(C23O8)2_15,2541
Ti7.0001Fe5.9999Bi10O38_71,2542
TiFeO3_161,2543
TiH24PbC20(OF)12_2,2544
TiMnO3_62,2545
TiPbO3_221,2546
TiPbO3_99,2547
Tl0.8Ag0.199Bi1C2.0004Br6N2.0004_225,2548
Tl1Bi1C2.0004Br6N2.0004_225,2549
TlAgH22C10(Br4N3)2_15,2550
TlAgH36C12(Br3N)4_13,2551
TlNiO3_14,2552
TlNiO3_62,2553
TmBRh3_221,2554
TmCoO3_62,2555
TmFe4(CuO4)3_204,2556
TmH9C4(NO4)2_29,2557
TmNiO3_14,2558
U0.5Nb2O6_123,2559
U1B0.75Ru3_221,2560
U4.1Nb16O48_71,2561
V0.5Fe0.5Pb1O3_99,2562
V2Cu3H24(OF)12_2,2563
V4Cu3AgO12_204,2564
VH18C3(N3F2)3_205,2565
VO2_136,2566
VP3(HO)6_14,2567
VPbO3_99,2568
Y0.06Ta0.18W0.82O3_221,2569
Y0.24Ta0.72W0.28O3_221,2570
Y0.24Ta0.72W3.28O12_62,2571
Y0.6Ta1.8W0.2O6_123,2572
Y2MnFeO6_62,2573
Y2O3_206,2574
Y4Ti4H3.996O16_14,2575
YAlO3_62,2576
YBRh3_221,2577
YFe4(CuO4)3_204,2578
YH9C4(NO4)2_29,2579
YMn4(CuO4)3_204,2580
Yb1B1Rh2.673_221,2581
Yb2H102PbC34S17Br8O17_130,2582
Yb2MnCoO6_62,2583
Yb3Ti1Al25.808Au7.035_221,2584
YbCoO3_62,2585
YbDyMn2O6_62,2586
YbFe4(CuO4)3_204,2587
YbH9C4(NO4)2_29,2588
YbMnO3_62,2589
YbNiO3_14,2590
Zn2H15C6N3O13_33,2591
Zn2H18C10N1.98O12_167,2592
Zn3.9998H46C26Br3.9996N14Cl3.9996O8_2,2593
Zn6H59.9958C23.9994N11.9988O36_161,2594
ZnH10C10(NCl2)2_14,2595
ZnH10C4(NO3)2_1,2596
ZnH14C34N4OF28_2,2597
ZnH18C6(NCl2)2_2,2598
ZnH21C24(NO5)2_15,2599
ZnH23C13Br2N7O4_14,2600
ZnH24C16Br4(NO)2_4,2601
ZnH24C16I4(NO)2_14,2602
ZnH65C65(NO10)2_2,2603
ZnH8C3(NO3)2_33,2604
ZnH9C4(NO2)3_52,2605
Zr0.52Ti0.48Pb1O3_8,2606
Zr0.52Ti0.48Pb1O3_99,2607
Zr2H112Pb2C54O17_2,2608
ZrPbO3_55,2609
